k,t_ms,u,v,x,v_ref,r
0,0,0.061913294,0.003095665,0.000003096,0.040000000,1.0
1,1,0.115842635,0.008887796,0.000011983,0.080000000,1.0
2,2,0.162817583,0.017028676,0.000029012,0.120000000,1.0
3,3,0.203734934,0.027215422,0.000056228,0.160000000,1.0
4,4,0.239375838,0.039184214,0.000095412,0.200000000,1.0
5,5,0.270420712,0.052705250,0.000148117,0.240000000,1.0
6,6,0.297462231,0.067578361,0.000215695,0.280000000,1.0
7,7,0.321016644,0.083629194,0.000299325,0.320000000,1.0
8,8,0.341533626,0.100705875,0.000400030,0.360000000,1.0
9,9,0.359404866,0.118676118,0.000518707,0.400000000,1.0
10,10,0.374971541,0.137424695,0.000656131,0.440000000,1.0
11,11,0.388530834,0.156851237,0.000812983,0.480000000,1.0
12,12,0.400341604,0.176868317,0.000989851,0.520000000,1.0
13,13,0.410629331,0.197399784,0.001187251,0.560000000,1.0
14,14,0.419590416,0.218379304,0.001405630,0.600000000,1.0
15,15,0.427395934,0.239749101,0.001645379,0.640000000,1.0
16,16,0.434194902,0.261458846,0.001906838,0.680000000,1.0
17,17,0.440117116,0.283464702,0.002190303,0.720000000,1.0
18,18,0.445275637,0.305728484,0.002496031,0.760000000,1.0
19,19,0.449768948,0.328216931,0.002824248,0.800000000,1.0
20,20,0.453682828,0.350901073,0.003175149,0.840000000,1.0
21,21,0.457091999,0.373755673,0.003548905,0.880000000,1.0
22,22,0.460061543,0.396758750,0.003945663,0.920000000,1.0
23,23,0.462648153,0.419891157,0.004365555,0.960000000,1.0
24,24,0.464901209,0.443136218,0.004808691,1.000000000,1.0
25,25,0.466863725,0.466479404,0.005275170,1.040000000,1.0
26,26,0.468573167,0.489908063,0.005765078,1.080000000,1.0
27,27,0.470062169,0.513411171,0.006278489,1.120000000,1.0
28,28,0.471359158,0.536979129,0.006815469,1.160000000,1.0
29,29,0.472488895,0.560603574,0.007376072,1.200000000,1.0
30,30,0.473472947,0.584277221,0.007960349,1.240000000,1.0
31,31,0.474330102,0.607993726,0.008568343,1.280000000,1.0
32,32,0.475076723,0.631747562,0.009200091,1.320000000,1.0
33,33,0.475727064,0.655533915,0.009855625,1.360000000,1.0
34,34,0.476293540,0.679348592,0.010534973,1.400000000,1.0
35,35,0.476786967,0.703187941,0.011238161,1.440000000,1.0
36,36,0.477216764,0.727048779,0.011965210,1.480000000,1.0
37,37,0.477591137,0.750928336,0.012716138,1.520000000,1.0
38,38,0.477917232,0.774824197,0.013490962,1.560000000,1.0
39,39,0.478201275,0.798734261,0.014289697,1.600000000,1.0
40,40,0.478448690,0.822656696,0.015112353,1.640000000,1.0
41,41,0.478664199,0.846589906,0.015958943,1.680000000,1.0
42,42,0.478851917,0.870532501,0.016829476,1.720000000,1.0
43,43,0.479015427,0.894483273,0.017723959,1.760000000,1.0
44,44,0.479157852,0.918441165,0.018642400,1.800000000,1.0
45,45,0.479281910,0.942405261,0.019584806,1.840000000,1.0
46,46,0.479389969,0.966374759,0.020551180,1.880000000,1.0
47,47,0.479484094,0.990348964,0.021541529,1.920000000,1.0
48,48,0.479566080,1.014327268,0.022555857,1.960000000,1.0
49,49,0.479637494,1.038309143,0.023594166,2.000000000,1.0
50,50,0.479699697,1.062294128,0.024656460,2.040000000,1.0
51,51,0.479753879,1.086281822,0.025742742,2.080000000,1.0
52,52,0.479801074,1.110271875,0.026853013,2.120000000,1.0
53,53,0.479842182,1.134263984,0.027987277,2.160000000,1.0
54,54,0.479877988,1.158257884,0.029145535,2.200000000,1.0
55,55,0.479909177,1.182253343,0.030327789,2.240000000,1.0
56,56,0.479936343,1.206250160,0.031534039,2.280000000,1.0
57,57,0.479960006,1.230248160,0.032764287,2.320000000,1.0
58,58,0.479980616,1.254247191,0.034018534,2.360000000,1.0
59,59,0.479998569,1.278247119,0.035296781,2.400000000,1.0
60,60,0.480014206,1.302247830,0.036599029,2.440000000,1.0
61,61,0.480027825,1.326249221,0.037925278,2.480000000,1.0
62,62,0.480039689,1.350251205,0.039275530,2.520000000,1.0
63,63,0.480050021,1.374253706,0.040649783,2.560000000,1.0
64,64,0.480059021,1.398256657,0.042048040,2.600000000,1.0
65,65,0.480066860,1.422260000,0.043470300,2.640000000,1.0
66,66,0.480073687,1.446263685,0.044916564,2.680000000,1.0
67,67,0.480079634,1.470267666,0.046386831,2.720000000,1.0
68,68,0.480084813,1.494271907,0.047881103,2.760000000,1.0
69,69,0.480089324,1.518276373,0.049399380,2.800000000,1.0
70,70,0.480093252,1.542281036,0.050941661,2.840000000,1.0
71,71,0.480096674,1.566285870,0.052507946,2.880000000,1.0
72,72,0.480099654,1.590290852,0.054098237,2.920000000,1.0
73,73,0.480102249,1.614295965,0.055712533,2.960000000,1.0
74,74,0.480104509,1.638301190,0.057350834,3.000000000,1.0
75,75,0.480106477,1.662306514,0.059013141,3.040000000,1.0
76,76,0.480108190,1.686311924,0.060699453,3.080000000,1.0
77,77,0.480109683,1.710317408,0.062409770,3.120000000,1.0
78,78,0.480110982,1.734322957,0.064144093,3.160000000,1.0
79,79,0.480112113,1.758328562,0.065902422,3.200000000,1.0
80,80,0.480113098,1.782334217,0.067684756,3.240000000,1.0
81,81,0.480113955,1.806339915,0.069491096,3.280000000,1.0
82,82,0.480114702,1.830345650,0.071321442,3.320000000,1.0
83,83,0.480115351,1.854351418,0.073175793,3.360000000,1.0
84,84,0.480115917,1.878357214,0.075054150,3.400000000,1.0
85,85,0.480116409,1.902363034,0.076956513,3.440000000,1.0
86,86,0.480116837,1.926368876,0.078882882,3.480000000,1.0
87,87,0.480117209,1.950374736,0.080833257,3.520000000,1.0
88,88,0.480117533,1.974380613,0.082807638,3.560000000,1.0
89,89,0.480117814,1.998386504,0.084806024,3.600000000,1.0
90,90,0.480118059,2.022392407,0.086828416,3.640000000,1.0
91,91,0.480118272,2.046398320,0.088874815,3.680000000,1.0
92,92,0.480118456,2.070404243,0.090945219,3.720000000,1.0
93,93,0.480118617,2.094410174,0.093039629,3.760000000,1.0
94,94,0.480118756,2.118416112,0.095158045,3.800000000,1.0
95,95,0.480118877,2.142422056,0.097300467,3.840000000,1.0
96,96,0.480118982,2.166428005,0.099466895,3.880000000,1.0
97,97,0.480119072,2.190433958,0.101657329,3.920000000,1.0
98,98,0.480119151,2.214439916,0.103871769,3.960000000,1.0
99,99,0.480119219,2.238445877,0.106110215,4.000000000,1.0
100,100,0.480119277,2.262451841,0.108372667,4.040000000,1.0
101,101,0.480119328,2.286457807,0.110659125,4.080000000,1.0
102,102,0.480119371,2.310463776,0.112969589,4.120000000,1.0
103,103,0.480119409,2.334469746,0.115304058,4.160000000,1.0
104,104,0.480119441,2.358475718,0.117662534,4.200000000,1.0
105,105,0.480119468,2.382481691,0.120045016,4.240000000,1.0
106,106,0.480119492,2.406487666,0.122451503,4.280000000,1.0
107,107,0.480119512,2.430493642,0.124881997,4.320000000,1.0
108,108,0.480119529,2.454499618,0.127336497,4.360000000,1.0
109,109,0.480119543,2.478505595,0.129815002,4.400000000,1.0
110,110,0.480119555,2.502511573,0.132317514,4.440000000,1.0
111,111,0.480119565,2.526517551,0.134844031,4.480000000,1.0
112,112,0.480119573,2.550523530,0.137394555,4.520000000,1.0
113,113,0.480119579,2.574529509,0.139969084,4.560000000,1.0
114,114,0.480119584,2.598535488,0.142567620,4.600000000,1.0
115,115,0.480119588,2.622541467,0.145190161,4.640000000,1.0
116,116,0.480119591,2.646547447,0.147836709,4.680000000,1.0
117,117,0.480119593,2.670553427,0.150507262,4.720000000,1.0
118,118,0.480119595,2.694559406,0.153201822,4.760000000,1.0
119,119,0.480119596,2.718565386,0.155920387,4.800000000,1.0
120,120,0.480119596,2.742571366,0.158662958,4.840000000,1.0
121,121,0.480119595,2.766577346,0.161429536,4.880000000,1.0
122,122,0.480119594,2.790583325,0.164220119,4.920000000,1.0
123,123,0.480119593,2.814589305,0.167034708,4.960000000,1.0
124,124,0.480119591,2.838595285,0.169873304,5.000000000,1.0
125,125,0.480119590,2.862601264,0.172735905,5.040000000,1.0
126,126,0.480119587,2.886607243,0.175622512,5.080000000,1.0
127,127,0.480119585,2.910613223,0.178533125,5.120000000,1.0
128,128,0.480119583,2.934619202,0.181467745,5.160000000,1.0
129,129,0.480119580,2.958625181,0.184426370,5.200000000,1.0
130,130,0.480119577,2.982631160,0.187409001,5.240000000,1.0
131,131,0.480119574,3.006637138,0.190415638,5.280000000,1.0
132,132,0.480119571,3.030643117,0.193446281,5.320000000,1.0
133,133,0.480119568,3.054649095,0.196500930,5.360000000,1.0
134,134,0.480119564,3.078655074,0.199579585,5.400000000,1.0
135,135,0.480119561,3.102661052,0.202682246,5.440000000,1.0
136,136,0.480119558,3.126667030,0.205808913,5.480000000,1.0
137,137,0.480119554,3.150673007,0.208959586,5.520000000,1.0
138,138,0.480119551,3.174678985,0.212134265,5.560000000,1.0
139,139,0.480119547,3.198684962,0.215332950,5.600000000,1.0
140,140,0.480119543,3.222690939,0.218555641,5.640000000,1.0
141,141,0.480119540,3.246696916,0.221802338,5.680000000,1.0
142,142,0.480119536,3.270702893,0.225073041,5.720000000,1.0
143,143,0.480119532,3.294708870,0.228367750,5.760000000,1.0
144,144,0.480119529,3.318714846,0.231686465,5.800000000,1.0
145,145,0.480119525,3.342720822,0.235029186,5.840000000,1.0
146,146,0.480119521,3.366726798,0.238395912,5.880000000,1.0
147,147,0.480119518,3.390732774,0.241786645,5.920000000,1.0
148,148,0.480119514,3.414738750,0.245201384,5.960000000,1.0
149,149,0.480119510,3.438744726,0.248640129,6.000000000,1.0
150,150,0.418206212,3.459655036,0.252099784,6.000000000,1.0
151,151,0.364276867,3.477868879,0.255577653,6.000000000,1.0
152,152,0.317301915,3.493733975,0.259071387,6.000000000,1.0
153,153,0.276384561,3.507553203,0.262578940,6.000000000,1.0
154,154,0.240743653,3.519590386,0.266098530,6.000000000,1.0
155,155,0.209698776,3.530075325,0.269628605,6.000000000,1.0
156,156,0.182657252,3.539208187,0.273167814,6.000000000,1.0
157,157,0.159102835,3.547163329,0.276714977,6.000000000,1.0
158,158,0.138585849,3.554092622,0.280269070,6.000000000,1.0
159,159,0.120714606,3.560128352,0.283829198,6.000000000,1.0
160,160,0.105147927,3.565385748,0.287394584,6.000000000,1.0
161,161,0.091588630,3.569965180,0.290964549,6.000000000,1.0
162,162,0.079777856,3.573954072,0.294538503,6.000000000,1.0
163,163,0.069490125,3.577428579,0.298115932,6.000000000,1.0
164,164,0.060529037,3.580455031,0.301696387,6.000000000,1.0
165,165,0.052723514,3.583091206,0.305279478,6.000000000,1.0
166,166,0.045924543,3.585387433,0.308864865,6.000000000,1.0
167,167,0.040002325,3.587387550,0.312452253,6.000000000,1.0
168,168,0.034843800,3.589129740,0.316041383,6.000000000,1.0
169,169,0.030350486,3.590647264,0.319632030,6.000000000,1.0
170,170,0.026436601,3.591969094,0.323223999,6.000000000,1.0
171,171,0.023027427,3.593120465,0.326817119,6.000000000,1.0
172,172,0.020057879,3.594123359,0.330411243,6.000000000,1.0
173,173,0.017471265,3.594996923,0.334006240,6.000000000,1.0
174,174,0.015218205,3.595757833,0.337601997,6.000000000,1.0
175,175,0.013255685,3.596420617,0.341198418,6.000000000,1.0
176,176,0.011546240,3.596997929,0.344795416,6.000000000,1.0
177,177,0.010057234,3.597500791,0.348392917,6.000000000,1.0
178,178,0.008760241,3.597938803,0.351990856,6.000000000,1.0
179,179,0.007630500,3.598320328,0.355589176,6.000000000,1.0
180,180,0.006646444,3.598652650,0.359187829,6.000000000,1.0
181,181,0.005789285,3.598942114,0.362786771,6.000000000,1.0
182,182,0.005042660,3.599194247,0.366385965,6.000000000,1.0
183,183,0.004392315,3.599413863,0.369985379,6.000000000,1.0
184,184,0.003825835,3.599605155,0.373584984,6.000000000,1.0
185,185,0.003332405,3.599771775,0.377184756,6.000000000,1.0
186,186,0.002902604,3.599916905,0.380784673,6.000000000,1.0
187,187,0.002528227,3.600043317,0.384384716,6.000000000,1.0
188,188,0.002202128,3.600153423,0.387984869,6.000000000,1.0
189,189,0.001918081,3.600249327,0.391585119,6.000000000,1.0
190,190,0.001670663,3.600332860,0.395185452,6.000000000,1.0
191,191,0.001455150,3.600405618,0.398785857,6.000000000,1.0
192,192,0.001267428,3.600468989,0.402386326,6.000000000,1.0
193,193,0.001103914,3.600524185,0.405986850,6.000000000,1.0
194,194,0.000961485,3.600572259,0.409587423,6.000000000,1.0
195,195,0.000837424,3.600614130,0.413188037,6.000000000,1.0
196,196,0.000729360,3.600650598,0.416788687,6.000000000,1.0
197,197,0.000635232,3.600682360,0.420389370,6.000000000,1.0
198,198,0.000553242,3.600710022,0.423990080,6.000000000,1.0
199,199,0.000481824,3.600734113,0.427590814,6.000000000,1.0
200,200,0.000419617,3.600755094,0.431191569,6.000000000,1.0
201,201,0.000365431,3.600773365,0.434792342,6.000000000,1.0
202,202,0.000318233,3.600789277,0.438393132,6.000000000,1.0
203,203,0.000277121,3.600803133,0.441993935,6.000000000,1.0
204,204,0.000241310,3.600815199,0.445594750,6.000000000,1.0
205,205,0.000210118,3.600825705,0.449195576,6.000000000,1.0
206,206,0.000182948,3.600834852,0.452796410,6.000000000,1.0
207,207,0.000159281,3.600842816,0.456397253,6.000000000,1.0
208,208,0.000138667,3.600849749,0.459998103,6.000000000,1.0
209,209,0.000120711,3.600855785,0.463598959,6.000000000,1.0
210,210,0.000105070,3.600861038,0.467199820,6.000000000,1.0
211,211,0.000091446,3.600865611,0.470800685,6.000000000,1.0
212,212,0.000079579,3.600869590,0.474401555,6.000000000,1.0
213,213,0.000069243,3.600873052,0.478002428,6.000000000,1.0
214,214,0.000060239,3.600876064,0.481603304,6.000000000,1.0
215,215,0.000052396,3.600878684,0.485204183,6.000000000,1.0
216,216,0.000045565,3.600880962,0.488805064,6.000000000,1.0
217,217,0.000039615,3.600882943,0.492405947,6.000000000,1.0
218,218,0.000034432,3.600884664,0.496006831,6.000000000,1.0
219,219,0.000029917,3.600886160,0.499607718,6.000000000,1.0
220,220,0.000025985,3.600887459,0.503208605,6.000000000,1.0
221,221,0.000022559,3.600888587,0.506809494,6.000000000,1.0
222,222,0.000019576,3.600889566,0.510410383,6.000000000,1.0
223,223,0.000016977,3.600890415,0.514011274,6.000000000,1.0
224,224,0.000014713,3.600891150,0.517612165,6.000000000,1.0
225,225,0.000012741,3.600891787,0.521213057,6.000000000,1.0
226,226,0.000011024,3.600892339,0.524813949,6.000000000,1.0
227,227,0.000009527,3.600892815,0.528414842,6.000000000,1.0
228,228,0.000008224,3.600893226,0.532015735,6.000000000,1.0
229,229,0.000007089,3.600893581,0.535616628,6.000000000,1.0
230,230,0.000006101,3.600893886,0.539217522,6.000000000,1.0
231,231,0.000005239,3.600894148,0.542818417,6.000000000,1.0
232,232,0.000004489,3.600894372,0.546419311,6.000000000,1.0
233,233,0.000003836,3.600894564,0.550020205,6.000000000,1.0
234,234,-0.061910028,3.597799063,0.553618005,5.960000000,1.0
235,235,0.007986724,3.598198399,0.557216203,6.000000000,1.0
236,236,-0.054956563,3.595450571,0.560811653,5.960000000,1.0
237,237,-0.109783075,3.589961417,0.564401615,5.920000000,1.0
238,238,-0.157539501,3.582084442,0.567983699,5.880000000,1.0
239,239,-0.199137555,3.572127564,0.571555827,5.840000000,1.0
240,240,-0.111544793,3.566550324,0.575122377,5.880000000,1.0
241,241,-0.159074039,3.558596623,0.578680974,5.840000000,1.0
242,242,-0.200474208,3.548572912,0.582229547,5.800000000,1.0
243,243,-0.236535668,3.536746129,0.585766293,5.760000000,1.0
244,244,-0.267946867,3.523348785,0.589289642,5.720000000,1.0
245,245,-0.171480883,3.514774741,0.592804416,5.760000000,1.0
246,246,-0.211281142,3.504210684,0.596308627,5.720000000,1.0
247,247,-0.245949006,3.491913234,0.599800540,5.680000000,1.0
248,248,-0.276146318,3.478105918,0.603278646,5.640000000,1.0
249,249,-0.302449572,3.462983439,0.606741630,5.600000000,1.0
250,250,-0.201534333,3.452906723,0.610194536,5.640000000,1.0
251,251,-0.237459084,3.441033768,0.613635570,5.600000000,1.0
252,252,-0.268751203,3.427596208,0.617063166,5.560000000,1.0
253,253,-0.296008084,3.412795804,0.620475962,5.520000000,1.0
254,254,-0.319750087,3.396808300,0.623872771,5.480000000,1.0
255,255,-0.216603880,3.385978106,0.627258749,5.520000000,1.0
256,256,-0.250585354,3.373448838,0.630632197,5.480000000,1.0
257,257,-0.280184789,3.359439599,0.633991637,5.440000000,1.0
258,258,-0.305967265,3.344141235,0.637335778,5.400000000,1.0
259,259,-0.328424992,3.327719986,0.640663498,5.360000000,1.0
260,260,-0.224160122,3.316511980,0.643980010,5.400000000,1.0
261,261,-0.257167189,3.303653620,0.647283664,5.360000000,1.0
262,262,-0.285917870,3.289357727,0.650573022,5.320000000,1.0
263,263,-0.310961041,3.273809675,0.653846831,5.280000000,1.0
264,264,-0.332774801,3.257170935,0.657104002,5.240000000,1.0
265,265,-0.351775593,3.239582155,0.660343584,5.200000000,1.0
266,266,-0.244499573,3.227357176,0.663570942,5.240000000,1.0
267,267,-0.274883789,3.213612987,0.666784555,5.200000000,1.0
268,268,-0.301349845,3.198545495,0.669983100,5.160000000,1.0
269,269,-0.324403004,3.182325344,0.673165425,5.120000000,1.0
270,270,-0.344483369,3.165101176,0.676330527,5.080000000,1.0
271,271,-0.238147707,3.153193791,0.679483720,5.120000000,1.0
272,272,-0.269351019,3.139726240,0.682623447,5.080000000,1.0
273,273,-0.296530545,3.124899712,0.685748346,5.040000000,1.0
274,274,-0.320205169,3.108889454,0.688857236,5.000000000,1.0
275,275,-0.340826860,3.091848111,0.691949084,4.960000000,1.0
276,276,-0.234962717,3.080099975,0.695029184,5.000000000,1.0
277,277,-0.266576743,3.066771138,0.698095955,4.960000000,1.0
278,278,-0.294114022,3.052065437,0.701148020,4.920000000,1.0
279,279,-0.318100264,3.036160424,0.704184181,4.880000000,1.0
280,280,-0.338993388,3.019210754,0.707203392,4.840000000,1.0
281,281,-0.357192266,3.001351141,0.710204743,4.800000000,1.0
282,282,-0.249217739,2.988890254,0.713193633,4.840000000,1.0
283,283,-0.278993525,2.974940578,0.716168574,4.800000000,1.0
284,284,-0.304929611,2.959694097,0.719128268,4.760000000,1.0
285,285,-0.327521140,2.943318040,0.722071586,4.720000000,1.0
286,286,-0.347199405,2.925958070,0.724997544,4.680000000,1.0
287,287,-0.240513494,2.913932395,0.727911476,4.720000000,1.0
288,288,-0.271411724,2.900361809,0.730811838,4.680000000,1.0
289,289,-0.298325510,2.885445534,0.733697283,4.640000000,1.0
290,290,-0.321768661,2.869357101,0.736566641,4.600000000,1.0
291,291,-0.342188729,2.852247664,0.739418888,4.560000000,1.0
292,292,-0.236148962,2.840440216,0.742259328,4.600000000,1.0
293,293,-0.267610013,2.827059715,0.745086388,4.560000000,1.0
294,294,-0.295014042,2.812309013,0.747898697,4.520000000,1.0
295,295,-0.318884218,2.796364802,0.750695062,4.480000000,1.0
296,296,-0.339676244,2.779380990,0.753474443,4.440000000,1.0
297,297,-0.233960471,2.767682967,0.756242126,4.480000000,1.0
298,298,-0.265703734,2.754397780,0.758996524,4.440000000,1.0
299,299,-0.293353584,2.739730101,0.761736254,4.400000000,1.0
300,300,-0.317437881,2.723858207,0.764460112,4.360000000,1.0
301,301,-0.338416416,2.706937386,0.767167049,4.320000000,1.0
302,302,-0.356689689,2.689102901,0.769856152,4.280000000,1.0
303,303,-0.248779966,2.676663903,0.772532816,4.320000000,1.0
304,304,-0.278612198,2.662733293,0.775195550,4.280000000,1.0
305,305,-0.304597450,2.647503421,0.777843053,4.240000000,1.0
306,306,-0.327231806,2.631141830,0.780474195,4.200000000,1.0
307,307,-0.346947375,2.613794462,0.783087989,4.160000000,1.0
308,308,-0.240293958,2.601779764,0.785689769,4.200000000,1.0
309,309,-0.271220492,2.588218739,0.788277988,4.160000000,1.0
310,310,-0.298158931,2.573310793,0.790851299,4.120000000,1.0
311,311,-0.321623556,2.557229615,0.793408528,4.080000000,1.0
312,312,-0.342062329,2.540126498,0.795948655,4.040000000,1.0
313,313,-0.236038856,2.528324556,0.798476979,4.080000000,1.0
314,314,-0.267514099,2.514948851,0.800991928,4.040000000,1.0
315,315,-0.294930490,2.500202326,0.803492130,4.000000000,1.0
316,316,-0.318811434,2.484261754,0.805976392,3.960000000,1.0
317,317,-0.339612839,2.467281112,0.808443673,3.920000000,1.0
318,318,-0.357731824,2.449394521,0.810893068,3.880000000,1.0
319,319,-0.249687708,2.436910136,0.813329978,3.920000000,1.0
320,320,-0.279402878,2.422939992,0.815752918,3.880000000,1.0
321,321,-0.305286165,2.407675684,0.818160594,3.840000000,1.0
322,322,-0.327831703,2.391284098,0.820551878,3.800000000,1.0
323,323,-0.347469908,2.373910603,0.822925788,3.760000000,1.0
324,324,-0.240749104,2.361873148,0.825287661,3.800000000,1.0
325,325,-0.271616939,2.348292301,0.827635954,3.760000000,1.0
326,326,-0.298504250,2.333367088,0.829969321,3.720000000,1.0
327,327,-0.321924340,2.317270871,0.832286592,3.680000000,1.0
328,328,-0.342324321,2.300154655,0.834586746,3.640000000,1.0
329,329,-0.360093647,2.282149973,0.836868896,3.600000000,1.0
330,330,-0.251744962,2.269562725,0.839138459,3.640000000,1.0
331,331,-0.281194838,2.255502983,0.841393962,3.600000000,1.0
332,332,-0.306847040,2.240160631,0.843634123,3.560000000,1.0
333,333,-0.329191294,2.223701066,0.845857824,3.520000000,1.0
334,334,-0.348654172,2.206268358,0.848064092,3.480000000,1.0
335,335,-0.241780649,2.194179325,0.850258271,3.520000000,1.0
336,336,-0.272515459,2.180553552,0.852438825,3.480000000,1.0
337,337,-0.299286899,2.165589207,0.854604414,3.440000000,1.0
338,338,-0.322606060,2.149458904,0.856753873,3.400000000,1.0
339,339,-0.342918127,2.132312998,0.858886186,3.360000000,1.0
340,340,-0.360610876,2.114282454,0.861000469,3.320000000,1.0
341,341,-0.252195488,2.101672680,0.863102141,3.360000000,1.0
342,342,-0.281587264,2.087593317,0.865189735,3.320000000,1.0
343,343,-0.307188858,2.072233874,0.867261968,3.280000000,1.0
344,344,-0.329489030,2.055759422,0.869317728,3.240000000,1.0
345,345,-0.348913510,2.038313747,0.871356042,3.200000000,1.0
346,346,-0.242006540,2.026213420,0.873382255,3.240000000,1.0
347,347,-0.272712218,2.012577809,0.875394833,3.200000000,1.0
348,348,-0.299458281,1.997604895,0.877392438,3.160000000,1.0
349,349,-0.322755339,1.981467128,0.879373905,3.120000000,1.0
350,350,-0.343048152,1.964314720,0.881338220,3.080000000,1.0
351,351,-0.236897541,1.952469843,0.883290689,3.120000000,1.0
352,352,-0.268262041,1.939056741,0.885229746,3.080000000,1.0
353,353,-0.295581971,1.924277643,0.887154024,3.040000000,1.0
354,354,-0.319378891,1.908308698,0.889062332,3.000000000,1.0
355,355,-0.340107109,1.891303343,0.890953636,2.960000000,1.0
356,356,-0.358162344,1.873395225,0.892827031,2.920000000,1.0
357,357,-0.250062699,1.860892091,0.894687923,2.960000000,1.0
358,358,-0.279729500,1.846905615,0.896534829,2.920000000,1.0
359,359,-0.305570655,1.831627083,0.898366456,2.880000000,1.0
360,360,-0.328079496,1.815223108,0.900181679,2.840000000,1.0
361,361,-0.347685735,1.797838821,0.901979518,2.800000000,1.0
362,362,-0.240937087,1.785791967,0.903765310,2.840000000,1.0
363,363,-0.271780669,1.772202933,0.905537513,2.800000000,1.0
364,364,-0.298646855,1.757270591,0.907294783,2.760000000,1.0
365,365,-0.322048543,1.741168163,0.909035951,2.720000000,1.0
366,366,-0.342432496,1.724046539,0.910759998,2.680000000,1.0
367,367,-0.360187860,1.706037146,0.912466035,2.640000000,1.0
368,368,-0.251827013,1.693445795,0.914159481,2.680000000,1.0
369,369,-0.281266296,1.679382480,0.915838863,2.640000000,1.0
370,370,-0.306909272,1.664037017,0.917502900,2.600000000,1.0
371,371,-0.329245489,1.647574742,0.919150475,2.560000000,1.0
372,372,-0.348701366,1.630139674,0.920780615,2.520000000,1.0
373,373,-0.365648334,1.611857257,0.922392472,2.480000000,1.0
374,374,-0.256583337,1.599028090,0.923991500,2.520000000,1.0
375,375,-0.285409272,1.584757627,0.925576258,2.480000000,1.0
376,376,-0.310517993,1.569231727,0.927145489,2.440000000,1.0
377,377,-0.332388850,1.552612285,0.928698102,2.400000000,1.0
378,378,-0.351439377,1.535040316,0.930233142,2.360000000,1.0
379,379,-0.244206677,1.522829982,0.931755972,2.400000000,1.0
380,380,-0.274628627,1.509098551,0.933265071,2.360000000,1.0
381,381,-0.301127552,1.494042173,0.934759113,2.320000000,1.0
382,382,-0.324209340,1.477831706,0.936236945,2.280000000,1.0
383,383,-0.344314644,1.460615974,0.937697560,2.240000000,1.0
384,384,-0.361827292,1.442524609,0.939140085,2.200000000,1.0
385,385,-0.253255030,1.429861858,0.940569947,2.240000000,1.0
386,386,-0.282510159,1.415736350,0.941985683,2.200000000,1.0
387,387,-0.307992729,1.400336713,0.943386020,2.160000000,1.0
388,388,-0.330189224,1.383827252,0.944769847,2.120000000,1.0
389,389,-0.349523397,1.366351082,0.946136198,2.080000000,1.0
390,390,-0.366364355,1.348032864,0.947484231,2.040000000,1.0
391,391,-0.257207019,1.335172513,0.948819404,2.080000000,1.0
392,392,-0.285952523,1.320874887,0.950140279,2.040000000,1.0
393,393,-0.310991184,1.305325328,0.951445604,2.000000000,1.0
394,394,-0.332801016,1.288685277,0.952734289,1.960000000,1.0
395,395,-0.351798387,1.271095358,0.954005385,1.920000000,1.0
396,396,-0.368345974,1.252678059,0.955258063,1.880000000,1.0
397,397,-0.258933099,1.239731404,0.956497794,1.920000000,1.0
398,398,-0.287456016,1.225358604,0.957723153,1.880000000,1.0
399,399,-0.312300794,1.209743564,0.958932896,1.840000000,1.0
400,400,-0.333941745,1.193046477,0.960125943,1.800000000,1.0
401,401,-0.352792012,1.175406876,0.961301350,1.760000000,1.0
402,402,-0.369211466,1.156946303,0.962458296,1.720000000,1.0
403,403,-0.259686980,1.143961954,0.963602258,1.760000000,1.0
404,404,-0.288112679,1.129556320,0.964731814,1.720000000,1.0
405,405,-0.312872777,1.113912681,0.965845727,1.680000000,1.0
406,406,-0.334439966,1.097190683,0.966942917,1.640000000,1.0
407,407,-0.353225984,1.079529383,0.968022447,1.600000000,1.0
408,408,-0.369589473,1.061049910,0.969083497,1.560000000,1.0
409,409,-0.260016240,1.048049098,0.970131546,1.600000000,1.0
410,410,-0.288399478,1.033629124,0.971165175,1.560000000,1.0
411,411,-0.313122589,1.017972994,0.972183148,1.520000000,1.0
412,412,-0.334657562,1.001240116,0.973184388,1.480000000,1.0
413,413,-0.353415518,0.983569340,0.974167957,1.440000000,1.0
414,414,-0.369754564,0.965081612,0.975133039,1.400000000,1.0
415,415,-0.260160040,0.952073610,0.976085113,1.440000000,1.0
416,416,-0.288524732,0.937647374,0.977022760,1.400000000,1.0
417,417,-0.313231690,0.921985789,0.977944746,1.360000000,1.0
418,418,-0.334752592,0.905248160,0.978849994,1.320000000,1.0
419,419,-0.353498291,0.887573245,0.979737567,1.280000000,1.0
420,420,-0.369826662,0.869081912,0.980606649,1.240000000,1.0
421,421,-0.260222838,0.856070770,0.981462720,1.280000000,1.0
422,422,-0.288579430,0.841641798,0.982304362,1.240000000,1.0
423,423,-0.313279332,0.825977832,0.983130340,1.200000000,1.0
424,424,-0.334794088,0.809238127,0.983939578,1.160000000,1.0
425,425,-0.353534435,0.791561406,0.984731139,1.120000000,1.0
426,426,-0.369858143,0.773068499,0.985504208,1.080000000,1.0
427,427,-0.384076846,0.753864656,0.986258072,1.040000000,1.0
428,428,-0.272635405,0.740232886,0.986998305,1.080000000,1.0
429,429,-0.299391347,0.725263319,0.987723568,1.040000000,1.0
430,430,-0.322697009,0.709128468,0.988432697,1.000000000,1.0
431,431,-0.342997318,0.691978602,0.989124676,0.960000000,1.0
432,432,-0.360679824,0.673944611,0.989798620,0.920000000,1.0
433,433,-0.376082105,0.655140506,0.990453761,0.880000000,1.0
434,434,-0.389498202,0.635665596,0.991089426,0.840000000,1.0
435,435,-0.277357654,0.621797713,0.991711224,0.880000000,1.0
436,436,-0.303504642,0.606622481,0.992317846,0.840000000,1.0
437,437,-0.326279877,0.590308487,0.992908155,0.800000000,1.0
438,438,-0.346118158,0.573002579,0.993481157,0.760000000,1.0
439,439,-0.363398218,0.554832668,0.994035990,0.720000000,1.0
440,440,-0.378449949,0.535910171,0.994571900,0.680000000,1.0
441,441,-0.391560701,0.516332136,0.995088232,0.640000000,1.0
442,442,-0.402980772,0.496183097,0.995584416,0.600000000,1.0
443,443,-0.412928182,0.475536688,0.996059952,0.560000000,1.0
444,444,-0.297766246,0.460648376,0.996520601,0.600000000,1.0
445,445,-0.321281465,0.444584303,0.996965185,0.560000000,1.0
446,446,-0.341764308,0.427496087,0.997392681,0.520000000,1.0
447,447,-0.359605810,0.409515797,0.997802197,0.480000000,1.0
448,448,-0.375146583,0.390758467,0.998192955,0.440000000,1.0
449,449,-0.388683314,0.371324302,0.998564280,0.400000000,1.0
450,450,-0.400474432,0.351300580,0.998915580,0.360000000,1.0
451,451,-0.410745040,0.330763328,0.999246343,0.320000000,1.0
452,452,-0.419691214,0.309778767,0.999556122,0.280000000,1.0
453,453,-0.427483745,0.288404580,0.999844527,0.240000000,1.0
454,454,-0.434271399,0.266691010,1.000111218,0.200000000,1.0
455,455,-0.834271399,0.224977440,1.000336195,-0.160000000,1.0
456,456,-0.877677978,0.181093541,1.000517289,-0.200000000,1.0
457,457,-0.826411772,0.139772953,1.000657062,-0.240000000,1.0
458,458,-0.657929947,0.106876455,1.000763938,-0.200000000,1.0
459,459,-0.635001080,0.075126401,1.000839065,-0.240000000,1.0
460,460,-0.615028975,0.044374953,1.000883440,-0.280000000,1.0
461,461,-0.473805760,0.020684665,1.000904124,-0.240000000,1.0
462,462,-0.474620401,-0.003046355,1.000901078,-0.280000000,1.0
463,463,-0.351503401,-0.020621525,1.000880456,-0.240000000,1.0
464,464,-0.368089393,-0.039025995,1.000841430,-0.280000000,1.0
465,465,-0.258709969,-0.051961494,1.000789469,-0.240000000,1.0
466,466,-0.287262024,-0.066324595,1.000723144,-0.280000000,1.0
467,467,-0.188305595,-0.075739874,1.000647404,-0.240000000,1.0
468,468,-0.102109971,-0.080845373,1.000566559,-0.200000000,1.0
469,469,-0.150856187,-0.088388182,1.000478171,-0.240000000,1.0
470,470,-0.069489806,-0.091862673,1.000386308,-0.200000000,1.0
471,471,0.001384073,-0.091793469,1.000294515,-0.160000000,1.0
472,472,0.063118497,-0.088637544,1.000205877,-0.120000000,1.0
473,473,-0.006934555,-0.088984272,1.000116893,-0.160000000,1.0
474,474,0.055872588,-0.086190643,1.000030702,-0.120000000,1.0
475,475,0.110580512,-0.080661617,0.999950041,-0.080000000,1.0
476,476,0.282060230,-0.066558605,0.999883482,0.040000000,1.0
477,477,0.307600402,-0.051178585,0.999832303,0.080000000,1.0
478,478,0.329847071,-0.034686232,0.999797617,0.120000000,1.0
479,479,0.349224948,-0.017224984,0.999780392,0.160000000,1.0
480,480,0.242277386,-0.005111115,0.999775281,0.120000000,1.0
481,481,0.272947704,0.008536270,0.999783817,0.160000000,1.0
482,482,0.175836380,0.017328089,0.999801145,0.120000000,1.0
483,483,0.215074518,0.028081815,0.999829227,0.160000000,1.0
484,484,0.125426159,0.034353123,0.999863580,0.120000000,1.0
485,485,0.047338296,0.036720038,0.999900300,0.080000000,1.0
486,486,0.103146747,0.041877375,0.999942178,0.120000000,1.0
487,487,0.027931898,0.043273970,0.999985452,0.080000000,1.0
488,488,-0.037583712,0.041394784,1.000026847,0.040000000,1.0
489,489,-0.218477424,0.030470913,1.000057318,-0.080000000,1.0
490,490,-0.128391031,0.024051362,1.000081369,-0.040000000,1.0
491,491,-0.173748207,0.015363951,1.000096733,-0.080000000,1.0
492,492,-0.213256404,0.004701131,1.000101434,-0.120000000,1.0
493,493,-0.123843280,-0.001491033,1.000099943,-0.080000000,1.0
494,494,-0.169786906,-0.009980378,1.000089963,-0.120000000,1.0
495,495,-0.085979338,-0.014279345,1.000075683,-0.080000000,1.0
496,496,-0.012979073,-0.014928299,1.000060755,-0.040000000,1.0
497,497,-0.073219057,-0.018589251,1.000042166,-0.080000000,1.0
498,498,-0.001864278,-0.018682465,1.000023483,-0.040000000,1.0
499,499,-0.063537557,-0.021859343,1.000001624,-0.080000000,1.0
500,500,0.006568756,-0.021530905,0.999980093,-0.040000000,1.0
501,501,0.067634595,-0.018149176,0.999961944,0.000000000,1.0
502,502,0.120825762,-0.012107888,0.999949836,0.040000000,1.0
503,503,0.167157727,-0.003750001,0.999946086,0.080000000,1.0
504,504,0.083688422,0.000434420,0.999946520,0.040000000,1.0
505,505,0.134809387,0.007174889,0.999953695,0.080000000,1.0
506,506,0.055511522,0.009950465,0.999963646,0.040000000,1.0
507,507,0.110266005,0.015463766,0.999979109,0.080000000,1.0
508,508,0.034133102,0.017170421,0.999996280,0.040000000,1.0
509,509,-0.032182176,0.015561312,1.000011841,0.000000000,1.0
510,510,-0.089945847,0.011064020,1.000022905,-0.040000000,1.0
511,511,-0.140260675,0.004050986,1.000026956,-0.080000000,1.0
512,512,-0.060260626,0.001037955,1.000027994,-0.040000000,1.0
513,513,-0.114403475,-0.004682219,1.000023312,-0.080000000,1.0
514,514,-0.037737810,-0.006569110,1.000016743,-0.040000000,1.0
515,515,0.029041528,-0.005117033,1.000011626,-0.000000000,1.0
516,516,-0.036617172,-0.006947892,1.000004678,-0.040000000,1.0
517,517,0.030017655,-0.005447009,0.999999231,-0.000000000,1.0
518,518,0.088059670,-0.001044026,0.999998187,0.040000000,1.0
519,519,0.014790358,-0.000304508,0.999997882,0.000000000,1.0
520,520,0.074795989,0.003435292,1.000001318,0.040000000,1.0
521,521,0.003237079,0.003597146,1.000004915,-0.000000000,1.0
522,522,-0.059094039,0.000642444,1.000005557,-0.040000000,1.0
523,523,0.010439265,0.001164407,1.000006722,-0.000000000,1.0
524,524,-0.052820602,-0.001476623,1.000005245,-0.040000000,1.0
525,525,0.015903719,-0.000681437,1.000004564,-0.000000000,1.0
526,526,-0.048060810,-0.003084478,1.000001479,-0.040000000,1.0
527,527,0.020049717,-0.002081992,0.999999397,-0.000000000,1.0
528,528,0.079377135,0.001886865,1.000001284,0.040000000,1.0
529,529,0.007227469,0.002248238,1.000003532,-0.000000000,1.0
530,530,-0.055618225,-0.000532673,1.000002999,-0.040000000,1.0
531,531,0.013466860,0.000140670,1.000003140,-0.000000000,1.0
532,532,-0.050183427,-0.002368501,1.000000772,-0.040000000,1.0
533,533,0.018200820,-0.001458460,0.999999313,-0.000000000,1.0
534,534,0.077766660,0.002429873,1.000001743,0.040000000,1.0
535,535,0.005824671,0.002721106,1.000004464,-0.000000000,1.0
536,536,-0.056840127,-0.000120900,1.000004343,-0.040000000,1.0
537,537,0.012402527,0.000499226,1.000004843,-0.000000000,1.0
538,538,-0.051110510,-0.002056299,1.000002786,-0.040000000,1.0
539,539,0.017393288,-0.001186635,1.000001600,-0.000000000,1.0
540,540,-0.046763326,-0.003524801,0.999998075,-0.040000000,1.0
541,541,0.021179886,-0.002465807,0.999995609,0.000000000,1.0
542,542,0.080361564,0.001552271,0.999997161,0.040000000,1.0
543,543,0.008084952,0.001956519,0.999999118,0.000000000,1.0
544,544,0.068955272,0.005404282,1.000004522,0.040000000,1.0
545,545,-0.001850456,0.005311760,1.000009834,-0.000000000,1.0
546,546,-0.063525517,0.002135484,1.000011969,-0.040000000,1.0
547,547,0.006579243,0.002464446,1.000014434,-0.000000000,1.0
548,548,-0.056182859,-0.000344697,1.000014089,-0.040000000,1.0
549,549,0.012975038,0.000304055,1.000014393,-0.000000000,1.0
550,550,-0.050611827,-0.002226536,1.000012167,-0.040000000,1.0
551,551,0.017827665,-0.001335153,1.000010831,-0.000000000,1.0
552,552,-0.046384964,-0.003654401,1.000007177,-0.040000000,1.0
553,553,0.021509457,-0.002578929,1.000004598,-0.000000000,1.0
554,554,-0.043177953,-0.004737826,0.999999860,-0.040000000,1.0
555,555,0.024302912,-0.003522681,0.999996338,0.000000000,1.0
556,556,0.083081865,0.000631413,0.999996969,0.040000000,1.0
557,557,0.010454460,0.001154136,0.999998123,0.000000000,1.0
558,558,0.071019223,0.004705097,1.000002828,0.040000000,1.0
559,559,-0.000052659,0.004702464,1.000007531,-0.000000000,1.0
560,560,-0.061959552,0.001604486,1.000009135,-0.040000000,1.0
561,561,0.007943271,0.002001650,1.000011137,-0.000000000,1.0
562,562,-0.054994728,-0.000748087,1.000010389,-0.040000000,1.0
563,563,0.014009955,-0.000047589,1.000010341,-0.000000000,1.0
564,564,-0.049710366,-0.002533107,1.000007808,-0.040000000,1.0
565,565,0.018612879,-0.001602463,1.000006206,-0.000000000,1.0
566,566,-0.045701006,-0.003887513,1.000002318,-0.040000000,1.0
567,567,0.022105217,-0.002782253,0.999999536,-0.000000000,1.0
568,568,0.081167570,0.001276126,1.000000812,0.040000000,1.0
569,569,0.008787021,0.001715477,1.000002527,-0.000000000,1.0
570,570,-0.054259782,-0.000997512,1.000001530,-0.040000000,1.0
571,571,0.014650127,-0.000265006,1.000001265,-0.000000000,1.0
572,572,-0.049152746,-0.002722643,0.999998542,-0.040000000,1.0
573,573,0.019098591,-0.001767714,0.999996775,0.000000000,1.0
574,574,0.078548661,0.002159719,0.999998934,0.040000000,1.0
575,575,0.006505830,0.002485011,1.000001419,0.000000000,1.0
576,576,-0.056246805,-0.000327329,1.000001092,-0.040000000,1.0
577,577,0.012919338,0.000318638,1.000001411,-0.000000000,1.0
578,578,-0.050660343,-0.002214380,0.999999196,-0.040000000,1.0
579,579,0.017785405,-0.001325109,0.999997871,0.000000000,1.0
580,580,0.077404814,0.002545131,1.000000416,0.040000000,1.0
581,581,0.005509487,0.002820606,1.000003237,-0.000000000,1.0
582,582,-0.057114666,-0.000035128,1.000003202,-0.040000000,1.0
583,583,0.012163391,0.000573042,1.000003775,-0.000000000,1.0
584,584,-0.051318808,-0.001992898,1.000001782,-0.040000000,1.0
585,585,0.017211852,-0.001132306,1.000000650,-0.000000000,1.0
586,586,-0.046921365,-0.003478374,0.999997171,-0.040000000,1.0
587,587,0.021042228,-0.002426263,0.999994745,0.000000000,1.0
588,588,0.080241658,0.001585820,0.999996331,0.040000000,1.0
589,589,0.007980509,0.001984846,0.999998316,0.000000000,1.0
590,590,0.068864297,0.005428060,1.000003744,0.040000000,1.0
591,591,-0.001929698,0.005331576,1.000009075,-0.000000000,1.0
592,592,-0.063594540,0.002151849,1.000011227,-0.040000000,1.0
593,593,0.006519122,0.002477805,1.000013705,-0.000000000,1.0
594,594,-0.056235227,-0.000333957,1.000013371,-0.040000000,1.0
595,595,0.012929423,0.000312514,1.000013683,-0.000000000,1.0
596,596,-0.050651558,-0.002220063,1.000011463,-0.040000000,1.0
597,597,0.017793057,-0.001330411,1.000010133,-0.000000000,1.0
598,598,-0.046415109,-0.003651166,1.000006482,-0.040000000,1.0
599,599,0.021483201,-0.002577006,1.000003905,-0.000000000,1.0
600,600,-0.043200823,-0.004737047,0.999999168,-0.040000000,1.0
601,601,0.024282992,-0.003522898,0.999995645,0.000000000,1.0
602,602,0.083064514,0.000630328,0.999996275,0.040000000,1.0
603,603,0.010439347,0.001152295,0.999997427,0.000000000,1.0
604,604,0.071006059,0.004702598,1.000002130,0.040000000,1.0
605,605,-0.000064124,0.004699392,1.000006829,-0.000000000,1.0
606,606,-0.061969539,0.001600915,1.000008430,-0.040000000,1.0
607,607,0.007934573,0.001997644,1.000010428,-0.000000000,1.0
608,608,-0.055002304,-0.000752471,1.000009676,-0.040000000,1.0
609,609,0.014003357,-0.000052303,1.000009623,-0.000000000,1.0
610,610,-0.049716112,-0.002538109,1.000007085,-0.040000000,1.0
611,611,0.018607874,-0.001607715,1.000005477,-0.000000000,1.0
612,612,-0.045705365,-0.003892984,1.000001584,-0.040000000,1.0
613,613,0.022101420,-0.002787913,0.999998796,-0.000000000,1.0
614,614,0.081164264,0.001270301,1.000000067,0.040000000,1.0
615,615,0.008784142,0.001709508,1.000001776,-0.000000000,1.0
616,616,-0.054262290,-0.001003607,1.000000773,-0.040000000,1.0
617,617,0.014647943,-0.000271210,1.000000501,-0.000000000,1.0
618,618,-0.049154648,-0.002728942,0.999997773,-0.040000000,1.0
619,619,0.019096936,-0.001774095,0.999995998,0.000000000,1.0
620,620,0.078547219,0.002153266,0.999998152,0.040000000,1.0
621,621,0.006504575,0.002478494,1.000000630,0.000000000,1.0
622,622,-0.056247898,-0.000333900,1.000000296,-0.040000000,1.0
623,623,0.012918387,0.000312019,1.000000608,-0.000000000,1.0
624,624,-0.050661171,-0.002221040,0.999998387,-0.040000000,1.0
625,625,0.017784684,-0.001331805,0.999997055,0.000000000,1.0
626,626,0.077404187,0.002538404,0.999999594,0.040000000,1.0
627,627,0.005508941,0.002813851,1.000002408,0.000000000,1.0
628,628,-0.057115141,-0.000041906,1.000002366,-0.040000000,1.0
629,629,0.012162978,0.000566243,1.000002932,-0.000000000,1.0
630,630,-0.051319167,-0.001999715,1.000000932,-0.040000000,1.0
631,631,0.017211540,-0.001139138,0.999999793,-0.000000000,1.0
632,632,0.076904952,0.002706109,1.000002499,0.040000000,1.0
633,633,0.005074085,0.002959813,1.000005459,-0.000000000,1.0
634,634,-0.057493921,0.000085117,1.000005544,-0.040000000,1.0
635,635,0.011833043,0.000676769,1.000006221,-0.000000000,1.0
636,636,-0.051606555,-0.001903558,1.000004317,-0.040000000,1.0
637,637,0.016961211,-0.001055498,1.000003262,-0.000000000,1.0
638,638,-0.047139684,-0.003412482,0.999999849,-0.040000000,1.0
639,639,0.020852062,-0.002369879,0.999997480,0.000000000,1.0
640,640,0.080076016,0.001633922,0.999999114,0.040000000,1.0
641,641,0.007836228,0.002025733,1.000001139,0.000000000,1.0
642,642,-0.055087967,-0.000728665,1.000000411,-0.040000000,1.0
643,643,0.013928741,-0.000032228,1.000000378,-0.000000000,1.0
644,644,-0.049781106,-0.002521283,0.999997857,-0.040000000,1.0
645,645,0.018551262,-0.001593720,0.999996263,0.000000000,1.0
646,646,0.078071912,0.002309875,0.999998573,0.040000000,1.0
647,647,0.006090561,0.002614403,1.000001188,0.000000000,1.0
648,648,-0.056608523,-0.000216023,1.000000972,-0.040000000,1.0
649,649,0.012604266,0.000414191,1.000001386,-0.000000000,1.0
650,650,-0.050934784,-0.002132549,0.999999253,-0.040000000,1.0
651,651,0.017546355,-0.001255231,0.999997998,0.000000000,1.0
652,652,0.077196592,0.002604599,1.000000603,0.040000000,1.0
653,653,0.005328116,0.002871005,1.000003474,-0.000000000,1.0
654,654,-0.057272647,0.000007372,1.000003481,-0.040000000,1.0
655,655,0.012025783,0.000608661,1.000004090,-0.000000000,1.0
656,656,-0.051438670,-0.001963272,1.000002126,-0.040000000,1.0
657,657,0.017107447,-0.001107900,1.000001018,-0.000000000,1.0
658,658,-0.047012305,-0.003458515,0.999997560,-0.040000000,1.0
659,659,0.020963015,-0.002410364,0.999995150,0.000000000,1.0
660,660,0.080172661,0.001598269,0.999996748,0.040000000,1.0
661,661,0.007920411,0.001994289,0.999998742,0.000000000,1.0
662,662,0.068811950,0.005434887,1.000004177,0.040000000,1.0
663,663,-0.001975294,0.005336122,1.000009513,-0.000000000,1.0
664,664,-0.063634255,0.002154409,1.000011668,-0.040000000,1.0
665,665,0.006484529,0.002478636,1.000014146,-0.000000000,1.0
666,666,-0.056265359,-0.000334632,1.000013812,-0.040000000,1.0
667,667,0.012903178,0.000310527,1.000014122,-0.000000000,1.0
668,668,-0.050674418,-0.002223194,1.000011899,-0.040000000,1.0
669,669,0.017773146,-0.001334537,1.000010564,-0.000000000,1.0
670,670,-0.046432451,-0.003656159,1.000006908,-0.040000000,1.0
671,671,0.021468095,-0.002582755,1.000004325,-0.000000000,1.0
672,672,-0.043213979,-0.004743454,0.999999582,-0.040000000,1.0
673,673,0.024271533,-0.003529877,0.999996052,0.000000000,1.0
674,674,0.083054533,0.000622850,0.999996675,0.040000000,1.0
675,675,0.010430655,0.001144382,0.999997819,0.000000000,1.0
676,676,0.070998488,0.004694307,1.000002514,0.040000000,1.0
677,677,-0.000070718,0.004690771,1.000007204,-0.000000000,1.0
678,678,-0.061975281,0.001592007,1.000008796,-0.040000000,1.0
679,679,0.007929572,0.001988486,1.000010785,-0.000000000,1.0
680,680,-0.055006659,-0.000761847,1.000010023,-0.040000000,1.0
681,681,0.013999564,-0.000061869,1.000009961,-0.000000000,1.0
682,682,-0.049719415,-0.002547840,1.000007413,-0.040000000,1.0
683,683,0.018604998,-0.001617590,1.000005796,-0.000000000,1.0
684,684,-0.045707869,-0.003902984,1.000001893,-0.040000000,1.0
685,685,0.022099240,-0.002798022,0.999999095,-0.000000000,1.0
686,686,0.081162366,0.001260097,1.000000355,0.040000000,1.0
687,687,0.008782489,0.001699221,1.000002054,-0.000000000,1.0
688,688,-0.054263728,-0.001013965,1.000001040,-0.040000000,1.0
689,689,0.014646691,-0.000281631,1.000000759,-0.000000000,1.0
690,690,-0.049155738,-0.002739418,0.999998019,-0.040000000,1.0
691,691,0.019095987,-0.001784618,0.999996234,0.000000000,1.0
692,692,0.078546394,0.002142702,0.999998377,0.040000000,1.0
693,693,0.006503857,0.002467894,1.000000845,0.000000000,1.0
694,694,-0.056248522,-0.000344532,1.000000501,-0.040000000,1.0
695,695,0.012917844,0.000301360,1.000000802,-0.000000000,1.0
696,696,-0.050661643,-0.002231722,0.999998570,-0.040000000,1.0
697,697,0.017784274,-0.001342508,0.999997228,0.000000000,1.0
698,698,0.077403831,0.002527684,0.999999755,0.040000000,1.0
699,699,0.005508632,0.002803115,1.000002558,0.000000000,1.0
700,700,-0.057115409,-0.000052655,1.000002506,-0.040000000,1.0
701,701,0.012162745,0.000555482,1.000003061,-0.000000000,1.0
702,702,-0.051319369,-0.002010487,1.000001051,-0.040000000,1.0
703,703,0.017211364,-0.001149918,0.999999901,-0.000000000,1.0
704,704,0.076904800,0.002695322,1.000002596,0.040000000,1.0
705,705,0.005073953,0.002949019,1.000005545,-0.000000000,1.0
706,706,-0.057494034,0.000074318,1.000005620,-0.040000000,1.0
707,707,0.011832945,0.000665965,1.000006286,-0.000000000,1.0
708,708,-0.051606640,-0.001914367,1.000004371,-0.040000000,1.0
709,709,0.016961138,-0.001066310,1.000003305,-0.000000000,1.0
710,710,-0.047139747,-0.003423297,0.999999882,-0.040000000,1.0
711,711,0.020852009,-0.002380697,0.999997501,0.000000000,1.0
712,712,0.080075970,0.001623101,0.999999124,0.040000000,1.0
713,713,0.007836189,0.002014911,1.000001139,0.000000000,1.0
714,714,-0.055088000,-0.000739489,1.000000399,-0.040000000,1.0
715,715,0.013928713,-0.000043053,1.000000356,-0.000000000,1.0
716,716,-0.049781129,-0.002532110,0.999997824,-0.040000000,1.0
717,717,0.018551242,-0.001604548,0.999996220,0.000000000,1.0
718,718,0.078071896,0.002299047,0.999998519,0.040000000,1.0
719,719,0.006090548,0.002603574,1.000001122,0.000000000,1.0
720,720,-0.056608533,-0.000226852,1.000000895,-0.040000000,1.0
721,721,0.012604258,0.000403361,1.000001299,-0.000000000,1.0
722,722,-0.050934791,-0.002143379,0.999999155,-0.040000000,1.0
723,723,0.017546350,-0.001266061,0.999997889,0.000000000,1.0
724,724,0.077196589,0.002593768,1.000000483,0.040000000,1.0
725,725,0.005328115,0.002860174,1.000003343,-0.000000000,1.0
726,726,-0.057272648,-0.000003459,1.000003340,-0.040000000,1.0
727,727,0.012025784,0.000597831,1.000003938,-0.000000000,1.0
728,728,-0.051438669,-0.001974103,1.000001964,-0.040000000,1.0
729,729,0.017107449,-0.001118730,1.000000845,-0.000000000,1.0
730,730,-0.047012303,-0.003469345,0.999997375,-0.040000000,1.0
731,731,0.020963018,-0.002421195,0.999994954,0.000000000,1.0
732,732,0.080172665,0.001587439,0.999996542,0.040000000,1.0
733,733,0.007920415,0.001983459,0.999998525,0.000000000,1.0
734,734,0.068811954,0.005424057,1.000003949,0.040000000,1.0
735,735,-0.001975290,0.005325293,1.000009275,-0.000000000,1.0
736,736,-0.063634250,0.002143580,1.000011418,-0.040000000,1.0
737,737,0.006484534,0.002467807,1.000013886,-0.000000000,1.0
738,738,-0.056265353,-0.000345461,1.000013540,-0.040000000,1.0
739,739,0.012903184,0.000299698,1.000013840,-0.000000000,1.0
740,740,-0.050674412,-0.002234022,1.000011606,-0.040000000,1.0
741,741,0.017773152,-0.001345365,1.000010261,-0.000000000,1.0
742,742,-0.046432445,-0.003666987,1.000006594,-0.040000000,1.0
743,743,0.021468102,-0.002593582,1.000004000,-0.000000000,1.0
744,744,-0.043213973,-0.004754280,0.999999246,-0.040000000,1.0
745,745,0.024271540,-0.003540703,0.999995705,0.000000000,1.0
746,746,0.083054540,0.000612024,0.999996317,0.040000000,1.0
747,747,0.010430661,0.001133557,0.999997451,0.000000000,1.0
748,748,0.070998495,0.004683481,1.000002134,0.040000000,1.0
749,749,-0.000070711,0.004679946,1.000006814,-0.000000000,1.0
750,750,-0.061975274,0.001581182,1.000008395,-0.040000000,1.0
751,751,0.007929579,0.001977661,1.000010373,-0.000000000,1.0
752,752,-0.055006652,-0.000772672,1.000009600,-0.040000000,1.0
753,753,0.013999571,-0.000072693,1.000009528,-0.000000000,1.0
754,754,-0.049719408,-0.002558663,1.000006969,-0.040000000,1.0
755,755,0.018605005,-0.001628413,1.000005341,-0.000000000,1.0
756,756,-0.045707862,-0.003913806,1.000001427,-0.040000000,1.0
757,757,0.022099247,-0.002808844,0.999998618,-0.000000000,1.0
758,758,0.081162373,0.001249275,0.999999867,0.040000000,1.0
759,759,0.008782496,0.001688399,1.000001556,0.000000000,1.0
760,760,-0.054263721,-0.001024787,1.000000531,-0.040000000,1.0
761,761,0.014646698,-0.000292452,1.000000238,-0.000000000,1.0
762,762,-0.049155731,-0.002750238,0.999997488,-0.040000000,1.0
763,763,0.019095994,-0.001795439,0.999995693,0.000000000,1.0
764,764,0.078546401,0.002131881,0.999997825,0.040000000,1.0
765,765,0.006503864,0.002457075,1.000000282,0.000000000,1.0
766,766,-0.056248515,-0.000355351,0.999999926,-0.040000000,1.0
767,767,0.012917851,0.000290541,1.000000217,0.000000000,1.0
768,768,-0.050661636,-0.002242540,0.999997974,-0.040000000,1.0
769,769,0.017784281,-0.001353326,0.999996621,0.000000000,1.0
770,770,0.077403838,0.002516866,0.999999138,0.040000000,1.0
771,771,0.005508639,0.002792298,1.000001930,0.000000000,1.0
772,772,-0.057115402,-0.000063473,1.000001867,-0.040000000,1.0
773,773,0.012162752,0.000544665,1.000002411,-0.000000000,1.0
774,774,-0.051319362,-0.002021303,1.000000390,-0.040000000,1.0
775,775,0.017211371,-0.001160735,0.999999229,-0.000000000,1.0
776,776,0.076904807,0.002684506,1.000001914,0.040000000,1.0
777,777,0.005073960,0.002938204,1.000004852,-0.000000000,1.0
778,778,-0.057494027,0.000063502,1.000004916,-0.040000000,1.0
779,779,0.011832952,0.000655150,1.000005571,-0.000000000,1.0
780,780,-0.051606633,-0.001925182,1.000003646,-0.040000000,1.0
781,781,0.016961145,-0.001077124,1.000002568,-0.000000000,1.0
782,782,-0.047139740,-0.003434111,0.999999134,-0.040000000,1.0
783,783,0.020852016,-0.002391510,0.999996743,0.000000000,1.0
784,784,0.080075977,0.001612288,0.999998355,0.040000000,1.0
785,785,0.007836196,0.002004098,1.000000359,0.000000000,1.0
786,786,-0.055087993,-0.000750301,0.999999609,-0.040000000,1.0
787,787,0.013928720,-0.000053865,0.999999555,0.000000000,1.0
788,788,0.074045467,0.003648408,1.000003203,0.040000000,1.0
789,789,0.002583342,0.003777575,1.000006981,-0.000000000,1.0
790,790,-0.059663471,0.000794401,1.000007775,-0.040000000,1.0
791,791,0.009943267,0.001291565,1.000009067,-0.000000000,1.0
792,792,-0.053252636,-0.001371067,1.000007696,-0.040000000,1.0
793,793,0.015527401,-0.000594697,1.000007101,-0.000000000,1.0
794,794,-0.048388597,-0.003014127,1.000004087,-0.040000000,1.0
795,795,0.019764203,-0.002025917,1.000002061,-0.000000000,1.0
796,796,-0.044698147,-0.004260824,0.999997800,-0.040000000,1.0
797,797,0.022978756,-0.003111886,0.999994688,0.000000000,1.0
798,798,0.081928467,0.000984537,0.999995673,0.040000000,1.0
799,799,0.009449800,0.001457027,0.999997130,0.000000000,1.0
800,800,0.070144120,0.004964233,1.000002094,0.040000000,1.0
801,801,-0.000814911,0.004923488,1.000007018,-0.000000000,1.0
802,802,-0.062623506,0.001792312,1.000008810,-0.040000000,1.0
803,803,0.007364940,0.002160559,1.000010971,-0.000000000,1.0
804,804,-0.055498478,-0.000614365,1.000010356,-0.040000000,1.0
805,805,0.013571169,0.000064194,1.000010420,-0.000000000,1.0
806,806,-0.050092566,-0.002440434,1.000007980,-0.040000000,1.0
807,807,0.018279968,-0.001526436,1.000006454,-0.000000000,1.0
808,808,-0.045990984,-0.003825985,1.000002628,-0.040000000,1.0
809,809,0.021852635,-0.002733353,0.999999894,-0.000000000,1.0
810,810,0.080947563,0.001314025,1.000001208,0.040000000,1.0
811,811,0.008595388,0.001743794,1.000002952,-0.000000000,1.0
812,812,-0.054426701,-0.000977541,1.000001974,-0.040000000,1.0
813,813,0.014504736,-0.000252304,1.000001722,-0.000000000,1.0
814,814,-0.049279385,-0.002716273,0.999999006,-0.040000000,1.0
815,815,0.018988286,-0.001766859,0.999997239,0.000000000,1.0
816,816,0.078452583,0.002155770,0.999999395,0.040000000,1.0
817,817,0.006422145,0.002476877,1.000001872,0.000000000,1.0
818,818,-0.056319696,-0.000339108,1.000001533,-0.040000000,1.0
819,819,0.012855850,0.000303685,1.000001836,-0.000000000,1.0
820,820,-0.050715641,-0.002232097,0.999999604,-0.040000000,1.0
821,821,0.017737240,-0.001345235,0.999998259,0.000000000,1.0
822,822,0.077362864,0.002522908,1.000000782,0.040000000,1.0
823,823,0.005472950,0.002796556,1.000003578,-0.000000000,1.0
824,824,-0.057146489,-0.000060769,1.000003518,-0.040000000,1.0
825,825,0.012135675,0.000546015,1.000004064,-0.000000000,1.0
826,826,-0.051342947,-0.002021132,1.000002043,-0.040000000,1.0
827,827,0.017190829,-0.001161591,1.000000881,-0.000000000,1.0
828,828,-0.046939674,-0.003508575,0.999997372,-0.040000000,1.0
829,829,0.021026282,-0.002457261,0.999994915,0.000000000,1.0
830,830,0.080227772,0.001554128,0.999996469,0.040000000,1.0
831,831,0.007968417,0.001952549,0.999998422,0.000000000,1.0
832,832,0.068853767,0.005395237,1.000003817,0.040000000,1.0
833,833,-0.001938867,0.005298294,1.000009115,-0.000000000,1.0
834,834,-0.063602523,0.002118168,1.000011233,-0.040000000,1.0
835,835,0.006512171,0.002443776,1.000013677,-0.000000000,1.0
836,836,-0.056241279,-0.000368288,1.000013309,-0.040000000,1.0
837,837,0.012924155,0.000277920,1.000013587,-0.000000000,1.0
838,838,-0.050656144,-0.002254887,1.000011332,-0.040000000,1.0
839,839,0.017789065,-0.001365434,1.000009967,-0.000000000,1.0
840,840,-0.046418582,-0.003686363,1.000006280,-0.040000000,1.0
841,841,0.021480178,-0.002612354,1.000003668,-0.000000000,1.0
842,842,-0.043203453,-0.004772527,0.999998895,-0.040000000,1.0
843,843,0.024280704,-0.003558492,0.999995337,0.000000000,1.0
844,844,0.083062524,0.000594635,0.999995931,0.040000000,1.0
845,845,0.010437617,0.001116516,0.999997048,0.000000000,1.0
846,846,0.071004555,0.004666743,1.000001715,0.040000000,1.0
847,847,-0.000065431,0.004663472,1.000006378,-0.000000000,1.0
848,848,-0.061970674,0.001564938,1.000007943,-0.040000000,1.0
849,849,0.007933587,0.001961617,1.000009905,-0.000000000,1.0
850,850,-0.055003159,-0.000788541,1.000009116,-0.040000000,1.0
851,851,0.014002614,-0.000088410,1.000009028,-0.000000000,1.0
852,852,-0.049716756,-0.002574248,1.000006454,-0.040000000,1.0
853,853,0.018607316,-0.001643882,1.000004810,-0.000000000,1.0
854,854,-0.045705848,-0.003929174,1.000000880,-0.040000000,1.0
855,855,0.022101003,-0.002824124,0.999998056,-0.000000000,1.0
856,856,0.081163903,0.001234071,0.999999290,0.040000000,1.0
857,857,0.008783831,0.001673263,1.000000964,0.000000000,1.0
858,858,-0.054262558,-0.001039865,0.999999924,-0.040000000,1.0
859,859,0.014647713,-0.000307480,0.999999616,0.000000000,1.0
860,860,0.074671743,0.003426107,1.000003042,0.040000000,1.0
861,861,0.003128859,0.003582550,1.000006625,-0.000000000,1.0
862,862,-0.059188299,0.000623135,1.000007248,-0.040000000,1.0
863,863,0.010357164,0.001140994,1.000008389,-0.000000000,1.0
864,864,-0.052892111,-0.001503612,1.000006886,-0.040000000,1.0
865,865,0.015841435,-0.000711540,1.000006174,-0.000000000,1.0
866,866,-0.048115058,-0.003117293,1.000003057,-0.040000000,1.0
867,867,0.020002469,-0.002117170,1.000000940,-0.000000000,1.0
868,868,-0.044490605,-0.004341700,0.999996598,-0.040000000,1.0
869,869,0.023159536,-0.003183723,0.999993414,0.000000000,1.0
870,870,0.082085935,0.000920574,0.999994335,0.040000000,1.0
871,871,0.009586963,0.001399922,0.999995735,0.000000000,1.0
872,872,0.070263596,0.004913102,1.000000648,0.040000000,1.0
873,873,-0.000710840,0.004877560,1.000005525,-0.000000000,1.0
874,874,-0.062532855,0.001750917,1.000007276,-0.040000000,1.0
875,875,0.007443902,0.002123112,1.000009399,-0.000000000,1.0
876,876,-0.055429697,-0.000648373,1.000008751,-0.040000000,1.0
877,877,0.013631080,0.000033181,1.000008784,-0.000000000,1.0
878,878,-0.050040379,-0.002468838,1.000006315,-0.040000000,1.0
879,879,0.018325426,-0.001552567,1.000004763,-0.000000000,1.0
880,880,-0.045951387,-0.003850136,1.000000913,-0.040000000,1.0
881,881,0.021887127,-0.002755779,0.999998157,-0.000000000,1.0
882,882,0.080977608,0.001293101,0.999999450,0.040000000,1.0
883,883,0.008621559,0.001724179,1.000001174,0.000000000,1.0
884,884,-0.054403903,-0.000996016,1.000000178,-0.040000000,1.0
885,885,0.014524595,-0.000269787,0.999999908,-0.000000000,1.0
886,886,0.074564502,0.003458439,1.000003367,0.040000000,1.0
887,887,0.003035447,0.003610211,1.000006977,-0.000000000,1.0
888,888,-0.059269665,0.000646728,1.000007624,-0.040000000,1.0
889,889,0.010286291,0.001161042,1.000008785,-0.000000000,1.0
890,890,-0.052953845,-0.001486650,1.000007298,-0.040000000,1.0
891,891,0.015787663,-0.000697267,1.000006601,-0.000000000,1.0
892,892,-0.048161896,-0.003105362,1.000003495,-0.040000000,1.0
893,893,0.019961672,-0.002107278,1.000001388,-0.000000000,1.0
894,894,-0.044526141,-0.004333585,0.999997055,-0.040000000,1.0
895,895,0.023128582,-0.003177156,0.999993877,0.000000000,1.0
896,896,0.082058973,0.000925793,0.999994803,0.040000000,1.0
897,897,0.009563478,0.001403967,0.999996207,0.000000000,1.0
898,898,0.070243141,0.004916124,1.000001123,0.040000000,1.0
899,899,-0.000728658,0.004879691,1.000006003,-0.000000000,1.0
900,900,-0.062548375,0.001752272,1.000007755,-0.040000000,1.0
901,901,0.007430384,0.002123791,1.000009879,-0.000000000,1.0
902,902,-0.055441472,-0.000648282,1.000009231,-0.040000000,1.0
903,903,0.013620825,0.000032759,1.000009263,-0.000000000,1.0
904,904,-0.050049312,-0.002469707,1.000006794,-0.040000000,1.0
905,905,0.018317645,-0.001553824,1.000005240,-0.000000000,1.0
906,906,-0.045958164,-0.003851733,1.000001388,-0.040000000,1.0
907,907,0.021881224,-0.002757671,0.999998631,-0.000000000,1.0
908,908,0.080972467,0.001290952,0.999999921,0.040000000,1.0
909,909,0.008617081,0.001721806,1.000001643,0.000000000,1.0
910,910,-0.054407804,-0.000998584,1.000000645,-0.040000000,1.0
911,911,0.014521198,-0.000272524,1.000000372,-0.000000000,1.0
912,912,-0.049265045,-0.002735777,0.999997636,-0.040000000,1.0
913,913,0.019000778,-0.001785738,0.999995851,0.000000000,1.0
914,914,0.078463465,0.002137436,0.999997988,0.040000000,1.0
915,915,0.006431625,0.002459017,1.000000447,0.000000000,1.0
916,916,-0.056311437,-0.000356555,1.000000091,-0.040000000,1.0
917,917,0.012863045,0.000286597,1.000000377,-0.000000000,1.0
918,918,-0.050709373,-0.002248872,0.999998128,-0.040000000,1.0
919,919,0.017742702,-0.001361736,0.999996767,0.000000000,1.0
920,920,0.077367623,0.002506645,0.999999273,0.040000000,1.0
921,921,0.005477096,0.002780499,1.000002054,0.000000000,1.0
922,922,-0.057142876,-0.000076644,1.000001977,-0.040000000,1.0
923,923,0.012138823,0.000530297,1.000002507,-0.000000000,1.0
924,924,-0.051340203,-0.002036713,1.000000471,-0.040000000,1.0
925,925,0.017193219,-0.001177052,0.999999294,-0.000000000,1.0
926,926,0.076888998,0.002667398,1.000001961,0.040000000,1.0
927,927,0.005060191,0.002920407,1.000004881,-0.000000000,1.0
928,928,-0.057506019,0.000045106,1.000004927,-0.040000000,1.0
929,929,0.011822509,0.000636232,1.000005563,-0.000000000,1.0
930,930,-0.051615727,-0.001944555,1.000003618,-0.040000000,1.0
931,931,0.016953225,-0.001096893,1.000002521,-0.000000000,1.0
932,932,-0.047146637,-0.003454225,0.999999067,-0.040000000,1.0
933,933,0.020846010,-0.002411925,0.999996655,0.000000000,1.0
934,934,0.080070748,0.001591613,0.999998247,0.040000000,1.0
935,935,0.007831643,0.001983195,1.000000230,0.000000000,1.0
936,936,-0.055091957,-0.000771403,0.999999459,-0.040000000,1.0
937,937,0.013925269,-0.000075140,0.999999383,0.000000000,1.0
938,938,0.074042462,0.003626983,1.000003010,0.040000000,1.0
939,939,0.002580727,0.003756020,1.000006766,-0.000000000,1.0
940,940,-0.059665746,0.000772732,1.000007539,-0.040000000,1.0
941,941,0.009941287,0.001269797,1.000008809,-0.000000000,1.0
942,942,-0.053254359,-0.001392921,1.000007416,-0.040000000,1.0
943,943,0.015525902,-0.000616626,1.000006799,-0.000000000,1.0
944,944,-0.048389901,-0.003036121,1.000003763,-0.040000000,1.0
945,945,0.019763069,-0.002047968,1.000001715,-0.000000000,1.0
946,946,-0.044699132,-0.004282924,0.999997432,-0.040000000,1.0
947,947,0.022977899,-0.003134029,0.999994298,0.000000000,1.0
948,948,0.081927722,0.000962357,0.999995261,0.040000000,1.0
949,949,0.009449153,0.001434814,0.999996696,0.000000000,1.0
950,950,0.070143559,0.004941992,1.000001638,0.040000000,1.0
951,951,-0.000815398,0.004901223,1.000006539,-0.000000000,1.0
952,952,-0.062623928,0.001770026,1.000008309,-0.040000000,1.0
953,953,0.007364574,0.002138255,1.000010447,-0.000000000,1.0
954,954,-0.055498795,-0.000636685,1.000009810,-0.040000000,1.0
955,955,0.013570894,0.000041860,1.000009852,-0.000000000,1.0
956,956,-0.050092803,-0.002462780,1.000007389,-0.040000000,1.0
957,957,0.018279763,-0.001548792,1.000005841,-0.000000000,1.0
958,958,-0.045991160,-0.003848350,1.000001992,-0.040000000,1.0
959,959,0.021852484,-0.002755726,0.999999237,-0.000000000,1.0
960,960,0.080947433,0.001291646,1.000000528,0.040000000,1.0
961,961,0.008595276,0.001721409,1.000002250,-0.000000000,1.0
962,962,-0.054426796,-0.000999930,1.000001250,-0.040000000,1.0
963,963,0.014504655,-0.000274698,1.000000975,-0.000000000,1.0
964,964,-0.049279454,-0.002738670,0.999998236,-0.040000000,1.0
965,965,0.018988228,-0.001789259,0.999996447,0.000000000,1.0
966,966,0.078452534,0.002133368,0.999998580,0.040000000,1.0
967,967,0.006422104,0.002454473,1.000001035,0.000000000,1.0
968,968,-0.056319730,-0.000361514,1.000000673,-0.040000000,1.0
969,969,0.012855822,0.000281278,1.000000955,-0.000000000,1.0
970,970,-0.050715663,-0.002254506,0.999998700,-0.040000000,1.0
971,971,0.017737223,-0.001367644,0.999997332,0.000000000,1.0
972,972,0.077362851,0.002500498,0.999999833,0.040000000,1.0
973,973,0.005472940,0.002774145,1.000002607,0.000000000,1.0
974,974,-0.057146495,-0.000083180,1.000002524,-0.040000000,1.0
975,975,0.012135671,0.000523604,1.000003048,-0.000000000,1.0
976,976,-0.051342948,-0.002043543,1.000001004,-0.040000000,1.0
977,977,0.017190829,-0.001184002,0.999999820,-0.000000000,1.0
978,978,0.076886917,0.002660344,1.000002480,0.040000000,1.0
979,979,0.005058379,0.002913263,1.000005394,-0.000000000,1.0
980,980,-0.057507597,0.000037883,1.000005432,-0.040000000,1.0
981,981,0.011821135,0.000628940,1.000006060,-0.000000000,1.0
982,982,-0.051616923,-0.001951906,1.000004109,-0.040000000,1.0
983,983,0.016952184,-0.001104297,1.000003004,-0.000000000,1.0
984,984,-0.047147543,-0.003461674,0.999999543,-0.040000000,1.0
985,985,0.020845221,-0.002419413,0.999997123,0.000000000,1.0
986,986,0.080070061,0.001584090,0.999998707,0.040000000,1.0
987,987,0.007831045,0.001975642,1.000000683,0.000000000,1.0
988,988,-0.055092476,-0.000778982,0.999999904,-0.040000000,1.0
989,989,0.013924817,-0.000082741,0.999999821,0.000000000,1.0
990,990,0.074042069,0.003619363,1.000003441,0.040000000,1.0
991,991,0.002580386,0.003748382,1.000007189,-0.000000000,1.0
992,992,-0.059666043,0.000765080,1.000007954,-0.040000000,1.0
993,993,0.009941029,0.001262131,1.000009216,-0.000000000,1.0
994,994,-0.053254583,-0.001400598,1.000007816,-0.040000000,1.0
995,995,0.015525707,-0.000624313,1.000007191,-0.000000000,1.0
996,996,-0.048390070,-0.003043816,1.000004147,-0.040000000,1.0
997,997,0.019762923,-0.002055670,1.000002092,-0.000000000,1.0
998,998,-0.044699259,-0.004290633,0.999997801,-0.040000000,1.0
999,999,0.022977790,-0.003141744,0.999994659,0.000000000,1.0
