k,t_ms,u,y,r
0,0,0.200000000,0.004000000,1.0
1,1,0.400000000,0.012000000,1.0
2,2,0.600000000,0.024000000,1.0
3,3,0.800000000,0.040000000,1.0
4,4,1.000000000,0.060000000,1.0
5,5,1.000000000,0.080000000,1.0
6,6,1.000000000,0.100000000,1.0
7,7,1.000000000,0.120000000,1.0
8,8,1.000000000,0.140000000,1.0
9,9,1.000000000,0.160000000,1.0
10,10,1.000000000,0.180000000,1.0
11,11,1.000000000,0.200000000,1.0
12,12,1.000000000,0.220000000,1.0
13,13,1.000000000,0.240000000,1.0
14,14,1.000000000,0.260000000,1.0
15,15,1.000000000,0.280000000,1.0
16,16,1.000000000,0.300000000,1.0
17,17,1.000000000,0.320000000,1.0
18,18,1.000000000,0.340000000,1.0
19,19,1.000000000,0.360000000,1.0
20,20,1.000000000,0.380000000,1.0
21,21,1.000000000,0.400000000,1.0
22,22,1.000000000,0.420000000,1.0
23,23,1.000000000,0.440000000,1.0
24,24,1.000000000,0.460000000,1.0
25,25,0.963801945,0.479276039,1.0
26,26,0.909835809,0.497472755,1.0
27,27,0.859165401,0.514656063,1.0
28,28,0.811587004,0.530887803,1.0
29,29,0.766909512,0.546225993,1.0
30,30,0.724953651,0.560725066,1.0
31,31,0.685551246,0.574436091,1.0
32,32,0.648544532,0.587406982,1.0
33,33,0.613785513,0.599682692,1.0
34,34,0.581135352,0.611305399,1.0
35,35,0.550463810,0.622314676,1.0
36,36,0.521648708,0.632747650,1.0
37,37,0.494575432,0.642639158,1.0
38,38,0.469136460,0.652021888,1.0
39,39,0.445230929,0.660926506,1.0
40,40,0.422764217,0.669381790,1.0
41,41,0.401647559,0.677414742,1.0
42,42,0.381797685,0.685050695,1.0
43,43,0.363136479,0.692313425,1.0
44,44,0.345590658,0.699225238,1.0
45,45,0.329091476,0.705807068,1.0
46,46,0.313574442,0.712078556,1.0
47,47,0.298979054,0.718058138,1.0
48,48,0.285248557,0.723763109,1.0
49,49,0.272329704,0.729209703,1.0
50,50,0.260172547,0.734413154,1.0
51,51,0.248730226,0.739387758,1.0
52,52,0.237958782,0.744146934,1.0
53,53,0.227816973,0.748703273,1.0
54,54,0.218266112,0.753068596,1.0
55,55,0.209269902,0.757253994,1.0
56,56,0.200794294,0.761269879,1.0
57,57,0.192807343,0.765126026,1.0
58,58,0.185279082,0.768831608,1.0
59,59,0.178181396,0.772395236,1.0
60,60,0.171487908,0.775824994,1.0
61,61,0.165173874,0.779128472,1.0
62,62,0.159216078,0.782312793,1.0
63,63,0.153592740,0.785384648,1.0
64,64,0.148283429,0.788350316,1.0
65,65,0.143268973,0.791215696,1.0
66,66,0.138531387,0.793986324,1.0
67,67,0.134053797,0.796667400,1.0
68,68,0.129820373,0.799263807,1.0
69,69,0.125816262,0.801780132,1.0
70,70,0.122027529,0.804220683,1.0
71,71,0.118441098,0.806589505,1.0
72,72,0.115044704,0.808890399,1.0
73,73,0.111826837,0.811126936,1.0
74,74,0.108776699,0.813302470,1.0
75,75,0.105884156,0.815420153,1.0
76,76,0.103139704,0.817482947,1.0
77,77,0.100534421,0.819493635,1.0
78,78,0.098059938,0.821454834,1.0
79,79,0.095708401,0.823369002,1.0
80,80,0.093472442,0.825238451,1.0
81,81,0.091345146,0.827065354,1.0
82,82,0.089320025,0.828851754,1.0
83,83,0.087390989,0.830599574,1.0
84,84,0.085552326,0.832310621,1.0
85,85,0.083798674,0.833986594,1.0
86,86,0.082125001,0.835629094,1.0
87,87,0.080526586,0.837239626,1.0
88,88,0.078998998,0.838819606,1.0
89,89,0.077538077,0.840370367,1.0
90,90,0.076139922,0.841893166,1.0
91,91,0.074800868,0.843389183,1.0
92,92,0.073517478,0.844859533,1.0
93,93,0.072286525,0.846305263,1.0
94,94,0.071104980,0.847727363,1.0
95,95,0.069970000,0.849126763,1.0
96,96,0.068878916,0.850504341,1.0
97,97,0.067829223,0.851860926,1.0
98,98,0.066818569,0.853197297,1.0
99,99,0.065844746,0.854514192,1.0
100,100,0.064905681,0.855812305,1.0
101,101,0.063999428,0.857092294,1.0
102,102,0.063124161,0.858354777,1.0
103,103,0.062278162,0.859600340,1.0
104,104,0.061459821,0.860829537,1.0
105,105,0.060667625,0.862042889,1.0
106,106,0.059900153,0.863240892,1.0
107,107,0.059156070,0.864424014,1.0
108,108,0.058434123,0.865592696,1.0
109,109,0.057733134,0.866747359,1.0
110,110,0.057051997,0.867888399,1.0
111,111,0.056389674,0.869016192,1.0
112,112,0.055745186,0.870131096,1.0
113,113,0.055117619,0.871233449,1.0
114,114,0.054506108,0.872323571,1.0
115,115,0.053909844,0.873401768,1.0
116,116,0.053328066,0.874468329,1.0
117,117,0.052760057,0.875523530,1.0
118,118,0.052205145,0.876567633,1.0
119,119,0.051662696,0.877600887,1.0
120,120,0.051132117,0.878623529,1.0
121,121,0.050612846,0.879635786,1.0
122,122,0.050104359,0.880637873,1.0
123,123,0.049606159,0.881629996,1.0
124,124,0.049117781,0.882612352,1.0
125,125,0.048638787,0.883585128,1.0
126,126,0.048168763,0.884548503,1.0
127,127,0.047707321,0.885502650,1.0
128,128,0.047254096,0.886447731,1.0
129,129,0.046808743,0.887383906,1.0
130,130,0.046370938,0.888311325,1.0
131,131,0.045940375,0.889230133,1.0
132,132,0.045516765,0.890140468,1.0
133,133,0.045099838,0.891042465,1.0
134,134,0.044689338,0.891936251,1.0
135,135,0.044285023,0.892821952,1.0
136,136,0.043886665,0.893699685,1.0
137,137,0.043494049,0.894569566,1.0
138,138,0.043106974,0.895431706,1.0
139,139,0.042725247,0.896286211,1.0
140,140,0.042348687,0.897133184,1.0
141,141,0.041977123,0.897972727,1.0
142,142,0.041610395,0.898804935,1.0
143,143,0.041248349,0.899629902,1.0
144,144,0.040890841,0.900447718,1.0
145,145,0.040537735,0.901258473,1.0
146,146,0.040188901,0.902062251,1.0
147,147,0.039844216,0.902859135,1.0
148,148,0.039503564,0.903649207,1.0
149,149,0.039166836,0.904432543,1.0
150,150,0.038833928,0.905209222,1.0
151,151,0.038504739,0.905979317,1.0
152,152,0.038179177,0.906742900,1.0
153,153,0.037857152,0.907500043,1.0
154,154,0.037538578,0.908250815,1.0
155,155,0.037223377,0.908995282,1.0
156,156,0.036911470,0.909733512,1.0
157,157,0.036602785,0.910465568,1.0
158,158,0.036297252,0.911191513,1.0
159,159,0.035994806,0.911911409,1.0
160,160,0.035695381,0.912625316,1.0
161,161,0.035398919,0.913333295,1.0
162,162,0.035105362,0.914035402,1.0
163,163,0.034814654,0.914731695,1.0
164,164,0.034526744,0.915422230,1.0
165,165,0.034241579,0.916107062,1.0
166,166,0.033959113,0.916786244,1.0
167,167,0.033679298,0.917459830,1.0
168,168,0.033402091,0.918127872,1.0
169,169,0.033127449,0.918790421,1.0
170,170,0.032855331,0.919447527,1.0
171,171,0.032585697,0.920099241,1.0
172,172,0.032318510,0.920745611,1.0
173,173,0.032053734,0.921386686,1.0
174,174,0.031791332,0.922022513,1.0
175,175,0.031531272,0.922653138,1.0
176,176,0.031273520,0.923278609,1.0
177,177,0.031018045,0.923898969,1.0
178,178,0.030764817,0.924514266,1.0
179,179,0.030513805,0.925124542,1.0
180,180,0.030264982,0.925729841,1.0
181,181,0.030018320,0.926330208,1.0
182,182,0.029773791,0.926925684,1.0
183,183,0.029531371,0.927516311,1.0
184,184,0.029291033,0.928102132,1.0
185,185,0.029052753,0.928683187,1.0
186,186,0.028816507,0.929259517,1.0
187,187,0.028582272,0.929831162,1.0
188,188,0.028350025,0.930398163,1.0
189,189,0.028119744,0.930960558,1.0
190,190,0.027891408,0.931518386,1.0
191,191,0.027664995,0.932071686,1.0
192,192,0.027440486,0.932620496,1.0
193,193,0.027217860,0.933164853,1.0
194,194,0.026997097,0.933704795,1.0
195,195,0.026778179,0.934240358,1.0
196,196,0.026561087,0.934771580,1.0
197,197,0.026345802,0.935298496,1.0
198,198,0.026132306,0.935821142,1.0
199,199,0.025920582,0.936339554,1.0
200,200,0.025710613,0.936853766,1.0
201,201,0.025502381,0.937363814,1.0
202,202,0.025295870,0.937869731,1.0
203,203,0.025091064,0.938371552,1.0
204,204,0.024887946,0.938869311,1.0
205,205,0.024686501,0.939363041,1.0
206,206,0.024486713,0.939852776,1.0
207,207,0.024288567,0.940338547,1.0
208,208,0.024092048,0.940820388,1.0
209,209,0.023897141,0.941298331,1.0
210,210,0.023703832,0.941772407,1.0
211,211,0.023512105,0.942242649,1.0
212,212,0.023321948,0.942709088,1.0
213,213,0.023133345,0.943171755,1.0
214,214,0.022946284,0.943630681,1.0
215,215,0.022760750,0.944085896,1.0
216,216,0.022576730,0.944537431,1.0
217,217,0.022394212,0.944985315,1.0
218,218,0.022213181,0.945429578,1.0
219,219,0.022033626,0.945870251,1.0
220,220,0.021855532,0.946307362,1.0
221,221,0.021678889,0.946740939,1.0
222,222,0.021503683,0.947171013,1.0
223,223,0.021329901,0.947597611,1.0
224,224,0.021157533,0.948020762,1.0
225,225,0.020986565,0.948440493,1.0
226,226,0.020816987,0.948856833,1.0
227,227,0.020648785,0.949269808,1.0
228,228,0.020481950,0.949679447,1.0
229,229,0.020316468,0.950085777,1.0
230,230,0.020152329,0.950488823,1.0
231,231,0.019989521,0.950888614,1.0
232,232,0.019828034,0.951285175,1.0
233,233,0.019667857,0.951678532,1.0
234,234,0.019508977,0.952068711,1.0
235,235,0.019351386,0.952455739,1.0
236,236,0.019195071,0.952839640,1.0
237,237,0.019040022,0.953220441,1.0
238,238,0.018886230,0.953598165,1.0
239,239,0.018733683,0.953972839,1.0
240,240,0.018582371,0.954344486,1.0
241,241,0.018432284,0.954713132,1.0
242,242,0.018283412,0.955078800,1.0
243,243,0.018135745,0.955441515,1.0
244,244,0.017989273,0.955801301,1.0
245,245,0.017843986,0.956158180,1.0
246,246,0.017699874,0.956512178,1.0
247,247,0.017556928,0.956863316,1.0
248,248,0.017415139,0.957211619,1.0
249,249,0.017274496,0.957557109,1.0
250,250,0.017134991,0.957899809,1.0
251,251,0.016996614,0.958239741,1.0
252,252,0.016859356,0.958576928,1.0
253,253,0.016723207,0.958911393,1.0
254,254,0.016588160,0.959243156,1.0
255,255,0.016454204,0.959572240,1.0
256,256,0.016321330,0.959898666,1.0
257,257,0.016189531,0.960222457,1.0
258,258,0.016058798,0.960543633,1.0
259,259,0.015929120,0.960862215,1.0
260,260,0.015800491,0.961178225,1.0
261,261,0.015672901,0.961491683,1.0
262,262,0.015546343,0.961802610,1.0
263,263,0.015420806,0.962111026,1.0
264,264,0.015296285,0.962416952,1.0
265,265,0.015172769,0.962720407,1.0
266,266,0.015050252,0.963021412,1.0
267,267,0.014928724,0.963319987,1.0
268,268,0.014808178,0.963616150,1.0
269,269,0.014688606,0.963909922,1.0
270,270,0.014570000,0.964201322,1.0
271,271,0.014452351,0.964490370,1.0
272,272,0.014335654,0.964777083,1.0
273,273,0.014219899,0.965061481,1.0
274,274,0.014105079,0.965343582,1.0
275,275,0.013991186,0.965623406,1.0
276,276,0.013878214,0.965900970,1.0
277,277,0.013766154,0.966176293,1.0
278,278,0.013654999,0.966449393,1.0
279,279,0.013544741,0.966720288,1.0
280,280,0.013435375,0.966988996,1.0
281,281,0.013326891,0.967255533,1.0
282,282,0.013219284,0.967519919,1.0
283,283,0.013112546,0.967782170,1.0
284,284,0.013006670,0.968042303,1.0
285,285,0.012901648,0.968300336,1.0
286,286,0.012797475,0.968556286,1.0
287,287,0.012694144,0.968810169,1.0
288,288,0.012591647,0.969062002,1.0
289,289,0.012489977,0.969311801,1.0
290,290,0.012389129,0.969559584,1.0
291,291,0.012289095,0.969805366,1.0
292,292,0.012189868,0.970049163,1.0
293,293,0.012091443,0.970290992,1.0
294,294,0.011993813,0.970530868,1.0
295,295,0.011896972,0.970768808,1.0
296,296,0.011800912,0.971004826,1.0
297,297,0.011705628,0.971238938,1.0
298,298,0.011611113,0.971471161,1.0
299,299,0.011517362,0.971701508,1.0
300,300,0.011424368,0.971929995,1.0
301,301,0.011332124,0.972156638,1.0
302,302,0.011240626,0.972381450,1.0
303,303,0.011149866,0.972604448,1.0
304,304,0.011059839,0.972825644,1.0
305,305,0.010970539,0.973045055,1.0
306,306,0.010881960,0.973262694,1.0
307,307,0.010794097,0.973478576,1.0
308,308,0.010706942,0.973692715,1.0
309,309,0.010620492,0.973905125,1.0
310,310,0.010534740,0.974115820,1.0
311,311,0.010449680,0.974324813,1.0
312,312,0.010365307,0.974532119,1.0
313,313,0.010281615,0.974737752,1.0
314,314,0.010198599,0.974941724,1.0
315,315,0.010116253,0.975144049,1.0
316,316,0.010034572,0.975344740,1.0
317,317,0.009953551,0.975543811,1.0
318,318,0.009873184,0.975741275,1.0
319,319,0.009793466,0.975937144,1.0
320,320,0.009714391,0.976131432,1.0
321,321,0.009635955,0.976324151,1.0
322,322,0.009558153,0.976515314,1.0
323,323,0.009480978,0.976704934,1.0
324,324,0.009404427,0.976893022,1.0
325,325,0.009328494,0.977079592,1.0
326,326,0.009253174,0.977264656,1.0
327,327,0.009178462,0.977448225,1.0
328,328,0.009104353,0.977630312,1.0
329,329,0.009030843,0.977810929,1.0
330,330,0.008957926,0.977990087,1.0
331,331,0.008885598,0.978167799,1.0
332,332,0.008813854,0.978344076,1.0
333,333,0.008742689,0.978518930,1.0
334,334,0.008672099,0.978692372,1.0
335,335,0.008602079,0.978864414,1.0
336,336,0.008532624,0.979035066,1.0
337,337,0.008463730,0.979204341,1.0
338,338,0.008395392,0.979372249,1.0
339,339,0.008327606,0.979538801,1.0
340,340,0.008260368,0.979704008,1.0
341,341,0.008193672,0.979867882,1.0
342,342,0.008127515,0.980030432,1.0
343,343,0.008061891,0.980191670,1.0
344,344,0.007996798,0.980351606,1.0
345,345,0.007932231,0.980510250,1.0
346,346,0.007868184,0.980667614,1.0
347,347,0.007804655,0.980823707,1.0
348,348,0.007741639,0.980978540,1.0
349,349,0.007679132,0.981132122,1.0
350,350,0.007617129,0.981284465,1.0
351,351,0.007555627,0.981435578,1.0
352,352,0.007494621,0.981585470,1.0
353,353,0.007434108,0.981734152,1.0
354,354,0.007374084,0.981881634,1.0
355,355,0.007314544,0.982027925,1.0
356,356,0.007255485,0.982173034,1.0
357,357,0.007196903,0.982316972,1.0
358,358,0.007138794,0.982459748,1.0
359,359,0.007081154,0.982601371,1.0
360,360,0.007023980,0.982741851,1.0
361,361,0.006967267,0.982881196,1.0
362,362,0.006911012,0.983019417,1.0
363,363,0.006855211,0.983156521,1.0
364,364,0.006799861,0.983292518,1.0
365,365,0.006744958,0.983427417,1.0
366,366,0.006690498,0.983561227,1.0
367,367,0.006636477,0.983693957,1.0
368,368,0.006582893,0.983825615,1.0
369,369,0.006529742,0.983956209,1.0
370,370,0.006477020,0.984085750,1.0
371,371,0.006424723,0.984214244,1.0
372,372,0.006372849,0.984341701,1.0
373,373,0.006321393,0.984468129,1.0
374,374,0.006270353,0.984593536,1.0
375,375,0.006219725,0.984717931,1.0
376,376,0.006169506,0.984841321,1.0
377,377,0.006119692,0.984963715,1.0
378,378,0.006070281,0.985085120,1.0
379,379,0.006021268,0.985205546,1.0
380,380,0.005972652,0.985324999,1.0
381,381,0.005924427,0.985443487,1.0
382,382,0.005876592,0.985561019,1.0
383,383,0.005829144,0.985677602,1.0
384,384,0.005782078,0.985793243,1.0
385,385,0.005735393,0.985907951,1.0
386,386,0.005689084,0.986021733,1.0
387,387,0.005643149,0.986134596,1.0
388,388,0.005597586,0.986246548,1.0
389,389,0.005552390,0.986357596,1.0
390,390,0.005507559,0.986467747,1.0
391,391,0.005463090,0.986577008,1.0
392,392,0.005418980,0.986685388,1.0
393,393,0.005375226,0.986792893,1.0
394,394,0.005331825,0.986899529,1.0
395,395,0.005288775,0.987005305,1.0
396,396,0.005246073,0.987110226,1.0
397,397,0.005203715,0.987214300,1.0
398,398,0.005161699,0.987317534,1.0
399,399,0.005120023,0.987419935,1.0
400,400,0.005078683,0.987521508,1.0
401,401,0.005037677,0.987622262,1.0
402,402,0.004997002,0.987722202,1.0
403,403,0.004956655,0.987821335,1.0
404,404,0.004916634,0.987919668,1.0
405,405,0.004876936,0.988017207,1.0
406,406,0.004837559,0.988113958,1.0
407,407,0.004798500,0.988209928,1.0
408,408,0.004759756,0.988305123,1.0
409,409,0.004721325,0.988399549,1.0
410,410,0.004683204,0.988493213,1.0
411,411,0.004645391,0.988586121,1.0
412,412,0.004607883,0.988678279,1.0
413,413,0.004570678,0.988769693,1.0
414,414,0.004533774,0.988860368,1.0
415,415,0.004497167,0.988950311,1.0
416,416,0.004460857,0.989039528,1.0
417,417,0.004424839,0.989128025,1.0
418,418,0.004389112,0.989215807,1.0
419,419,0.004353673,0.989302881,1.0
420,420,0.004318521,0.989389251,1.0
421,421,0.004283653,0.989474924,1.0
422,422,0.004249066,0.989559906,1.0
423,423,0.004214758,0.989644201,1.0
424,424,0.004180727,0.989727815,1.0
425,425,0.004146971,0.989810755,1.0
426,426,0.004113488,0.989893025,1.0
427,427,0.004080275,0.989974630,1.0
428,428,0.004047330,0.990055577,1.0
429,429,0.004014651,0.990135870,1.0
430,430,0.003982236,0.990215514,1.0
431,431,0.003950083,0.990294516,1.0
432,432,0.003918189,0.990372880,1.0
433,433,0.003886553,0.990450611,1.0
434,434,0.003855172,0.990527714,1.0
435,435,0.003824045,0.990604195,1.0
436,436,0.003793169,0.990680059,1.0
437,437,0.003762542,0.990755310,1.0
438,438,0.003732163,0.990829953,1.0
439,439,0.003702029,0.990903993,1.0
440,440,0.003672138,0.990977436,1.0
441,441,0.003642488,0.991050286,1.0
442,442,0.003613078,0.991122547,1.0
443,443,0.003583906,0.991194226,1.0
444,444,0.003554969,0.991265325,1.0
445,445,0.003526265,0.991335850,1.0
446,446,0.003497793,0.991405806,1.0
447,447,0.003469552,0.991475197,1.0
448,448,0.003441538,0.991544028,1.0
449,449,0.003413750,0.991612303,1.0
450,450,0.003386187,0.991680027,1.0
451,451,0.003358846,0.991747204,1.0
452,452,0.003331727,0.991813838,1.0
453,453,0.003304826,0.991879935,1.0
454,454,0.003278142,0.991945497,1.0
455,455,0.003251674,0.992010531,1.0
456,456,0.003225419,0.992075039,1.0
457,457,0.003199376,0.992139027,1.0
458,458,0.003173544,0.992202498,1.0
459,459,0.003147920,0.992265456,1.0
460,460,0.003122503,0.992327906,1.0
461,461,0.003097292,0.992389852,1.0
462,462,0.003072284,0.992451298,1.0
463,463,0.003047478,0.992512247,1.0
464,464,0.003022872,0.992572705,1.0
465,465,0.002998464,0.992632674,1.0
466,466,0.002974254,0.992692159,1.0
467,467,0.002950240,0.992751164,1.0
468,468,0.002926419,0.992809692,1.0
469,469,0.002902791,0.992867748,1.0
470,470,0.002879353,0.992925335,1.0
471,471,0.002856104,0.992982457,1.0
472,472,0.002833044,0.993039118,1.0
473,473,0.002810169,0.993095321,1.0
474,474,0.002787479,0.993151071,1.0
475,475,0.002764973,0.993206371,1.0
476,476,0.002742648,0.993261223,1.0
477,477,0.002720503,0.993315634,1.0
478,478,0.002698538,0.993369604,1.0
479,479,0.002676749,0.993423139,1.0
480,480,0.002655137,0.993476242,1.0
481,481,0.002633699,0.993528916,1.0
482,482,0.002612434,0.993581165,1.0
483,483,0.002591340,0.993632991,1.0
484,484,0.002570417,0.993684400,1.0
485,485,0.002549663,0.993735393,1.0
486,486,0.002529077,0.993785975,1.0
487,487,0.002508657,0.993836148,1.0
488,488,0.002488401,0.993885916,1.0
489,489,0.002468310,0.993935282,1.0
490,490,0.002448380,0.993984250,1.0
491,491,0.002428611,0.994032822,1.0
492,492,0.002409002,0.994081002,1.0
493,493,0.002389552,0.994128793,1.0
494,494,0.002370258,0.994176198,1.0
495,495,0.002351120,0.994223220,1.0
496,496,0.002332137,0.994269863,1.0
497,497,0.002313307,0.994316129,1.0
498,498,0.002294629,0.994362022,1.0
499,499,0.002276101,0.994407544,1.0
500,500,0.002257724,0.994452698,1.0
501,501,0.002239494,0.994497488,1.0
502,502,0.002221412,0.994541917,1.0
503,503,0.002203476,0.994585986,1.0
504,504,0.002185685,0.994629700,1.0
505,505,0.002168037,0.994673060,1.0
506,506,0.002150532,0.994716071,1.0
507,507,0.002133169,0.994758735,1.0
508,508,0.002115945,0.994801053,1.0
509,509,0.002098860,0.994843031,1.0
510,510,0.002081914,0.994884669,1.0
511,511,0.002065104,0.994925971,1.0
512,512,0.002048430,0.994966940,1.0
513,513,0.002031891,0.995007577,1.0
514,514,0.002015485,0.995047887,1.0
515,515,0.001999212,0.995087871,1.0
516,516,0.001983070,0.995127533,1.0
517,517,0.001967058,0.995166874,1.0
518,518,0.001951176,0.995205897,1.0
519,519,0.001935421,0.995244606,1.0
520,520,0.001919794,0.995283002,1.0
521,521,0.001904294,0.995321088,1.0
522,522,0.001888918,0.995358866,1.0
523,523,0.001873667,0.995396339,1.0
524,524,0.001858538,0.995433510,1.0
525,525,0.001843532,0.995470381,1.0
526,526,0.001828647,0.995506954,1.0
527,527,0.001813882,0.995543231,1.0
528,528,0.001799237,0.995579216,1.0
529,529,0.001784709,0.995614910,1.0
530,530,0.001770299,0.995650316,1.0
531,531,0.001756006,0.995685436,1.0
532,532,0.001741827,0.995720273,1.0
533,533,0.001727764,0.995754828,1.0
534,534,0.001713813,0.995789104,1.0
535,535,0.001699976,0.995823104,1.0
536,536,0.001686250,0.995856829,1.0
537,537,0.001672635,0.995890282,1.0
538,538,0.001659129,0.995923464,1.0
539,539,0.001645733,0.995956379,1.0
540,540,0.001632445,0.995989028,1.0
541,541,0.001619265,0.996021413,1.0
542,542,0.001606191,0.996053537,1.0
543,543,0.001593222,0.996085401,1.0
544,544,0.001580358,0.996117008,1.0
545,545,0.001567598,0.996148360,1.0
546,546,0.001554941,0.996179459,1.0
547,547,0.001542386,0.996210307,1.0
548,548,0.001529932,0.996240906,1.0
549,549,0.001517579,0.996271257,1.0
550,550,0.001505326,0.996301364,1.0
551,551,0.001493172,0.996331227,1.0
552,552,0.001481116,0.996360849,1.0
553,553,0.001469157,0.996390233,1.0
554,554,0.001457295,0.996419378,1.0
555,555,0.001445528,0.996448289,1.0
556,556,0.001433857,0.996476966,1.0
557,557,0.001422280,0.996505412,1.0
558,558,0.001410796,0.996533628,1.0
559,559,0.001399405,0.996561616,1.0
560,560,0.001388106,0.996589378,1.0
561,561,0.001376898,0.996616916,1.0
562,562,0.001365781,0.996644232,1.0
563,563,0.001354753,0.996671327,1.0
564,564,0.001343815,0.996698203,1.0
565,565,0.001332965,0.996724862,1.0
566,566,0.001322202,0.996751306,1.0
567,567,0.001311526,0.996777537,1.0
568,568,0.001300937,0.996803555,1.0
569,569,0.001290433,0.996829364,1.0
570,570,0.001280014,0.996854964,1.0
571,571,0.001269679,0.996880358,1.0
572,572,0.001259427,0.996905547,1.0
573,573,0.001249258,0.996930532,1.0
574,574,0.001239171,0.996955315,1.0
575,575,0.001229166,0.996979898,1.0
576,576,0.001219242,0.997004283,1.0
577,577,0.001209397,0.997028471,1.0
578,578,0.001199632,0.997052464,1.0
579,579,0.001189946,0.997076263,1.0
580,580,0.001180338,0.997099870,1.0
581,581,0.001170808,0.997123286,1.0
582,582,0.001161355,0.997146513,1.0
583,583,0.001151978,0.997169552,1.0
584,584,0.001142677,0.997192406,1.0
585,585,0.001133450,0.997215075,1.0
586,586,0.001124299,0.997237561,1.0
587,587,0.001115221,0.997259865,1.0
588,588,0.001106216,0.997281990,1.0
589,589,0.001097285,0.997303935,1.0
590,590,0.001088425,0.997325704,1.0
591,591,0.001079637,0.997347297,1.0
592,592,0.001070920,0.997368715,1.0
593,593,0.001062273,0.997389960,1.0
594,594,0.001053696,0.997411034,1.0
595,595,0.001045188,0.997431938,1.0
596,596,0.001036749,0.997452673,1.0
597,597,0.001028378,0.997473241,1.0
598,598,0.001020075,0.997493642,1.0
599,599,0.001011839,0.997513879,1.0
600,600,0.001003669,0.997533952,1.0
601,601,0.000995565,0.997553864,1.0
602,602,0.000987527,0.997573614,1.0
603,603,0.000979553,0.997593205,1.0
604,604,0.000971644,0.997612638,1.0
605,605,0.000963799,0.997631914,1.0
606,606,0.000956017,0.997651034,1.0
607,607,0.000948298,0.997670000,1.0
608,608,0.000940641,0.997688813,1.0
609,609,0.000933046,0.997707474,1.0
610,610,0.000925513,0.997725984,1.0
611,611,0.000918040,0.997744345,1.0
612,612,0.000910628,0.997762558,1.0
613,613,0.000903275,0.997780623,1.0
614,614,0.000895982,0.997798543,1.0
615,615,0.000888748,0.997816318,1.0
616,616,0.000881572,0.997833949,1.0
617,617,0.000874454,0.997851438,1.0
618,618,0.000867393,0.997868786,1.0
619,619,0.000860390,0.997885994,1.0
620,620,0.000853443,0.997903063,1.0
621,621,0.000846552,0.997919994,1.0
622,622,0.000839717,0.997936788,1.0
623,623,0.000832937,0.997953447,1.0
624,624,0.000826211,0.997969971,1.0
625,625,0.000819540,0.997986362,1.0
626,626,0.000812923,0.998002620,1.0
627,627,0.000806360,0.998018748,1.0
628,628,0.000799849,0.998034745,1.0
629,629,0.000793391,0.998050612,1.0
630,630,0.000786985,0.998066352,1.0
631,631,0.000780631,0.998081965,1.0
632,632,0.000774328,0.998097451,1.0
633,633,0.000768076,0.998112813,1.0
634,634,0.000761874,0.998128050,1.0
635,635,0.000755723,0.998143165,1.0
636,636,0.000749621,0.998158157,1.0
637,637,0.000743568,0.998173029,1.0
638,638,0.000737564,0.998187780,1.0
639,639,0.000731609,0.998202412,1.0
640,640,0.000725702,0.998216926,1.0
641,641,0.000719843,0.998231323,1.0
642,642,0.000714031,0.998245604,1.0
643,643,0.000708265,0.998259769,1.0
644,644,0.000702547,0.998273820,1.0
645,645,0.000696874,0.998287757,1.0
646,646,0.000691247,0.998301582,1.0
647,647,0.000685666,0.998315296,1.0
648,648,0.000680130,0.998328898,1.0
649,649,0.000674639,0.998342391,1.0
650,650,0.000669191,0.998355775,1.0
651,651,0.000663788,0.998369050,1.0
652,652,0.000658429,0.998382219,1.0
653,653,0.000653112,0.998395281,1.0
654,654,0.000647839,0.998408238,1.0
655,655,0.000642608,0.998421090,1.0
656,656,0.000637420,0.998433839,1.0
657,657,0.000632273,0.998446484,1.0
658,658,0.000627168,0.998459027,1.0
659,659,0.000622104,0.998471470,1.0
660,660,0.000617081,0.998483811,1.0
661,661,0.000612099,0.998496053,1.0
662,662,0.000607157,0.998508196,1.0
663,663,0.000602254,0.998520241,1.0
664,664,0.000597392,0.998532189,1.0
665,665,0.000592568,0.998544041,1.0
666,666,0.000587784,0.998555796,1.0
667,667,0.000583038,0.998567457,1.0
668,668,0.000578330,0.998579024,1.0
669,669,0.000573661,0.998590497,1.0
670,670,0.000569029,0.998601877,1.0
671,671,0.000564434,0.998613166,1.0
672,672,0.000559877,0.998624364,1.0
673,673,0.000555357,0.998635471,1.0
674,674,0.000550872,0.998646488,1.0
675,675,0.000546425,0.998657417,1.0
676,676,0.000542013,0.998668257,1.0
677,677,0.000537636,0.998679010,1.0
678,678,0.000533295,0.998689676,1.0
679,679,0.000528989,0.998700255,1.0
680,680,0.000524718,0.998710750,1.0
681,681,0.000520482,0.998721159,1.0
682,682,0.000516279,0.998731485,1.0
683,683,0.000512111,0.998741727,1.0
684,684,0.000507976,0.998751887,1.0
685,685,0.000503874,0.998761964,1.0
686,686,0.000499806,0.998771960,1.0
687,687,0.000495770,0.998781876,1.0
688,688,0.000491767,0.998791711,1.0
689,689,0.000487797,0.998801467,1.0
690,690,0.000483858,0.998811144,1.0
691,691,0.000479952,0.998820743,1.0
692,692,0.000476076,0.998830265,1.0
693,693,0.000472232,0.998839709,1.0
694,694,0.000468420,0.998849078,1.0
695,695,0.000464637,0.998858370,1.0
696,696,0.000460886,0.998867588,1.0
697,697,0.000457165,0.998876732,1.0
698,698,0.000453473,0.998885801,1.0
699,699,0.000449812,0.998894797,1.0
700,700,0.000446180,0.998903721,1.0
701,701,0.000442578,0.998912572,1.0
702,702,0.000439004,0.998921352,1.0
703,703,0.000435460,0.998930062,1.0
704,704,0.000431944,0.998938701,1.0
705,705,0.000428456,0.998947270,1.0
706,706,0.000424997,0.998955770,1.0
707,707,0.000421565,0.998964201,1.0
708,708,0.000418161,0.998972564,1.0
709,709,0.000414785,0.998980860,1.0
710,710,0.000411436,0.998989088,1.0
711,711,0.000408114,0.998997251,1.0
712,712,0.000404819,0.999005347,1.0
713,713,0.000401550,0.999013378,1.0
714,714,0.000398308,0.999021344,1.0
715,715,0.000395092,0.999029246,1.0
716,716,0.000391902,0.999037084,1.0
717,717,0.000388738,0.999044859,1.0
718,718,0.000385599,0.999052571,1.0
719,719,0.000382485,0.999060221,1.0
720,720,0.000379397,0.999067809,1.0
721,721,0.000376334,0.999075335,1.0
722,722,0.000373295,0.999082801,1.0
723,723,0.000370281,0.999090207,1.0
724,724,0.000367292,0.999097553,1.0
725,725,0.000364326,0.999104839,1.0
726,726,0.000361384,0.999112067,1.0
727,727,0.000358466,0.999119236,1.0
728,728,0.000355572,0.999126348,1.0
729,729,0.000352701,0.999133402,1.0
730,730,0.000349853,0.999140399,1.0
731,731,0.000347029,0.999147339,1.0
732,732,0.000344227,0.999154224,1.0
733,733,0.000341447,0.999161053,1.0
734,734,0.000338690,0.999167827,1.0
735,735,0.000335956,0.999174546,1.0
736,736,0.000333243,0.999181211,1.0
737,737,0.000330553,0.999187822,1.0
738,738,0.000327884,0.999194379,1.0
739,739,0.000325236,0.999200884,1.0
740,740,0.000322610,0.999207336,1.0
741,741,0.000320005,0.999213736,1.0
742,742,0.000317422,0.999220085,1.0
743,743,0.000314859,0.999226382,1.0
744,744,0.000312316,0.999232628,1.0
745,745,0.000309795,0.999238824,1.0
746,746,0.000307293,0.999244970,1.0
747,747,0.000304812,0.999251066,1.0
748,748,0.000302351,0.999257113,1.0
749,749,0.000299910,0.999263111,1.0
750,750,0.000297488,0.999269061,1.0
751,751,0.000295086,0.999274963,1.0
752,752,0.000292704,0.999280817,1.0
753,753,0.000290341,0.999286624,1.0
754,754,0.000287996,0.999292384,1.0
755,755,0.000285671,0.999298097,1.0
756,756,0.000283364,0.999303764,1.0
757,757,0.000281076,0.999309386,1.0
758,758,0.000278807,0.999314962,1.0
759,759,0.000276556,0.999320493,1.0
760,760,0.000274323,0.999325980,1.0
761,761,0.000272108,0.999331422,1.0
762,762,0.000269911,0.999336820,1.0
763,763,0.000267732,0.999342175,1.0
764,764,0.000265570,0.999347486,1.0
765,765,0.000263426,0.999352755,1.0
766,766,0.000261299,0.999357981,1.0
767,767,0.000259189,0.999363164,1.0
768,768,0.000257096,0.999368306,1.0
769,769,0.000255020,0.999373407,1.0
770,770,0.000252961,0.999378466,1.0
771,771,0.000250919,0.999383484,1.0
772,772,0.000248893,0.999388462,1.0
773,773,0.000246883,0.999393400,1.0
774,774,0.000244890,0.999398298,1.0
775,775,0.000242913,0.999403156,1.0
776,776,0.000240951,0.999407975,1.0
777,777,0.000239006,0.999412755,1.0
778,778,0.000237076,0.999417497,1.0
779,779,0.000235162,0.999422200,1.0
780,780,0.000233263,0.999426865,1.0
781,781,0.000231380,0.999431493,1.0
782,782,0.000229511,0.999436083,1.0
783,783,0.000227658,0.999440636,1.0
784,784,0.000225820,0.999445152,1.0
785,785,0.000223997,0.999449632,1.0
786,786,0.000222188,0.999454076,1.0
787,787,0.000220394,0.999458484,1.0
788,788,0.000218615,0.999462856,1.0
789,789,0.000216850,0.999467193,1.0
790,790,0.000215099,0.999471495,1.0
791,791,0.000213362,0.999475762,1.0
792,792,0.000211639,0.999479995,1.0
793,793,0.000209930,0.999484194,1.0
794,794,0.000208235,0.999488359,1.0
795,795,0.000206554,0.999492490,1.0
796,796,0.000204886,0.999496587,1.0
797,797,0.000203232,0.999500652,1.0
798,798,0.000201591,0.999504684,1.0
799,799,0.000199963,0.999508683,1.0
800,800,0.000198349,0.999512650,1.0
801,801,0.000196747,0.999516585,1.0
802,802,0.000195159,0.999520488,1.0
803,803,0.000193583,0.999524360,1.0
804,804,0.000192020,0.999528200,1.0
805,805,0.000190470,0.999532010,1.0
806,806,0.000188932,0.999535788,1.0
807,807,0.000187406,0.999539536,1.0
808,808,0.000185893,0.999543254,1.0
809,809,0.000184392,0.999546942,1.0
810,810,0.000182903,0.999550600,1.0
811,811,0.000181427,0.999554229,1.0
812,812,0.000179962,0.999557828,1.0
813,813,0.000178509,0.999561398,1.0
814,814,0.000177067,0.999564940,1.0
815,815,0.000175638,0.999568452,1.0
816,816,0.000174220,0.999571937,1.0
817,817,0.000172813,0.999575393,1.0
818,818,0.000171418,0.999578821,1.0
819,819,0.000170034,0.999582222,1.0
820,820,0.000168661,0.999585595,1.0
821,821,0.000167299,0.999588941,1.0
822,822,0.000165948,0.999592260,1.0
823,823,0.000164608,0.999595552,1.0
824,824,0.000163279,0.999598818,1.0
825,825,0.000161961,0.999602057,1.0
826,826,0.000160653,0.999605270,1.0
827,827,0.000159356,0.999608457,1.0
828,828,0.000158069,0.999611619,1.0
829,829,0.000156793,0.999614755,1.0
830,830,0.000155527,0.999617865,1.0
831,831,0.000154271,0.999620950,1.0
832,832,0.000153026,0.999624011,1.0
833,833,0.000151790,0.999627047,1.0
834,834,0.000150564,0.999630058,1.0
835,835,0.000149349,0.999633045,1.0
836,836,0.000148143,0.999636008,1.0
837,837,0.000146947,0.999638947,1.0
838,838,0.000145760,0.999641862,1.0
839,839,0.000144583,0.999644754,1.0
840,840,0.000143416,0.999647622,1.0
841,841,0.000142258,0.999650467,1.0
842,842,0.000141109,0.999653289,1.0
843,843,0.000139970,0.999656089,1.0
844,844,0.000138840,0.999658866,1.0
845,845,0.000137719,0.999661620,1.0
846,846,0.000136607,0.999664352,1.0
847,847,0.000135504,0.999667062,1.0
848,848,0.000134410,0.999669750,1.0
849,849,0.000133325,0.999672417,1.0
850,850,0.000132248,0.999675062,1.0
851,851,0.000131180,0.999677685,1.0
852,852,0.000130121,0.999680288,1.0
853,853,0.000129071,0.999682869,1.0
854,854,0.000128028,0.999685430,1.0
855,855,0.000126995,0.999687970,1.0
856,856,0.000125969,0.999690489,1.0
857,857,0.000124952,0.999692988,1.0
858,858,0.000123943,0.999695467,1.0
859,859,0.000122943,0.999697926,1.0
860,860,0.000121950,0.999700365,1.0
861,861,0.000120965,0.999702784,1.0
862,862,0.000119989,0.999705184,1.0
863,863,0.000119020,0.999707564,1.0
864,864,0.000118059,0.999709926,1.0
865,865,0.000117106,0.999712268,1.0
866,866,0.000116160,0.999714591,1.0
867,867,0.000115222,0.999716895,1.0
868,868,0.000114292,0.999719181,1.0
869,869,0.000113369,0.999721449,1.0
870,870,0.000112454,0.999723698,1.0
871,871,0.000111546,0.999725929,1.0
872,872,0.000110645,0.999728141,1.0
873,873,0.000109752,0.999730336,1.0
874,874,0.000108866,0.999732514,1.0
875,875,0.000107987,0.999734673,1.0
876,876,0.000107115,0.999736816,1.0
877,877,0.000106250,0.999738941,1.0
878,878,0.000105392,0.999741049,1.0
879,879,0.000104541,0.999743139,1.0
880,880,0.000103697,0.999745213,1.0
881,881,0.000102860,0.999747271,1.0
882,882,0.000102029,0.999749311,1.0
883,883,0.000101205,0.999751335,1.0
884,884,0.000100388,0.999753343,1.0
885,885,0.000099578,0.999755335,1.0
886,886,0.000098774,0.999757310,1.0
887,887,0.000097976,0.999759270,1.0
888,888,0.000097185,0.999761213,1.0
889,889,0.000096400,0.999763141,1.0
890,890,0.000095622,0.999765054,1.0
891,891,0.000094850,0.999766951,1.0
892,892,0.000094084,0.999768832,1.0
893,893,0.000093324,0.999770699,1.0
894,894,0.000092571,0.999772550,1.0
895,895,0.000091823,0.999774387,1.0
896,896,0.000091082,0.999776208,1.0
897,897,0.000090347,0.999778015,1.0
898,898,0.000089617,0.999779808,1.0
899,899,0.000088894,0.999781586,1.0
900,900,0.000088176,0.999783349,1.0
901,901,0.000087464,0.999785098,1.0
902,902,0.000086758,0.999786834,1.0
903,903,0.000086057,0.999788555,1.0
904,904,0.000085362,0.999790262,1.0
905,905,0.000084673,0.999791955,1.0
906,906,0.000083989,0.999793635,1.0
907,907,0.000083311,0.999795301,1.0
908,908,0.000082639,0.999796954,1.0
909,909,0.000081971,0.999798594,1.0
910,910,0.000081310,0.999800220,1.0
911,911,0.000080653,0.999801833,1.0
912,912,0.000080002,0.999803433,1.0
913,913,0.000079356,0.999805020,1.0
914,914,0.000078715,0.999806594,1.0
915,915,0.000078080,0.999808156,1.0
916,916,0.000077449,0.999809705,1.0
917,917,0.000076824,0.999811241,1.0
918,918,0.000076204,0.999812765,1.0
919,919,0.000075588,0.999814277,1.0
920,920,0.000074978,0.999815777,1.0
921,921,0.000074373,0.999817264,1.0
922,922,0.000073772,0.999818740,1.0
923,923,0.000073176,0.999820203,1.0
924,924,0.000072586,0.999821655,1.0
925,925,0.000072000,0.999823095,1.0
926,926,0.000071418,0.999824523,1.0
927,927,0.000070842,0.999825940,1.0
928,928,0.000070270,0.999827345,1.0
929,929,0.000069702,0.999828739,1.0
930,930,0.000069139,0.999830122,1.0
931,931,0.000068581,0.999831494,1.0
932,932,0.000068027,0.999832854,1.0
933,933,0.000067478,0.999834204,1.0
934,934,0.000066933,0.999835543,1.0
935,935,0.000066393,0.999836871,1.0
936,936,0.000065857,0.999838188,1.0
937,937,0.000065325,0.999839494,1.0
938,938,0.000064798,0.999840790,1.0
939,939,0.000064274,0.999842076,1.0
940,940,0.000063755,0.999843351,1.0
941,941,0.000063241,0.999844616,1.0
942,942,0.000062730,0.999845870,1.0
943,943,0.000062224,0.999847115,1.0
944,944,0.000061721,0.999848349,1.0
945,945,0.000061223,0.999849573,1.0
946,946,0.000060729,0.999850788,1.0
947,947,0.000060238,0.999851993,1.0
948,948,0.000059752,0.999853188,1.0
949,949,0.000059269,0.999854373,1.0
950,950,0.000058791,0.999855549,1.0
951,951,0.000058316,0.999856715,1.0
952,952,0.000057845,0.999857872,1.0
953,953,0.000057378,0.999859020,1.0
954,954,0.000056915,0.999860158,1.0
955,955,0.000056455,0.999861287,1.0
956,956,0.000056000,0.999862407,1.0
957,957,0.000055547,0.999863518,1.0
958,958,0.000055099,0.999864620,1.0
959,959,0.000054654,0.999865713,1.0
960,960,0.000054213,0.999866798,1.0
961,961,0.000053775,0.999867873,1.0
962,962,0.000053341,0.999868940,1.0
963,963,0.000052910,0.999869998,1.0
964,964,0.000052483,0.999871048,1.0
965,965,0.000052059,0.999872089,1.0
966,966,0.000051639,0.999873122,1.0
967,967,0.000051222,0.999874146,1.0
968,968,0.000050808,0.999875162,1.0
969,969,0.000050398,0.999876170,1.0
970,970,0.000049991,0.999877170,1.0
971,971,0.000049588,0.999878162,1.0
972,972,0.000049187,0.999879146,1.0
973,973,0.000048790,0.999880121,1.0
974,974,0.000048396,0.999881089,1.0
975,975,0.000048005,0.999882049,1.0
976,976,0.000047618,0.999883002,1.0
977,977,0.000047233,0.999883946,1.0
978,978,0.000046852,0.999884883,1.0
979,979,0.000046474,0.999885813,1.0
980,980,0.000046098,0.999886735,1.0
981,981,0.000045726,0.999887649,1.0
982,982,0.000045357,0.999888557,1.0
983,983,0.000044991,0.999889456,1.0
984,984,0.000044627,0.999890349,1.0
985,985,0.000044267,0.999891234,1.0
986,986,0.000043910,0.999892112,1.0
987,987,0.000043555,0.999892984,1.0
988,988,0.000043203,0.999893848,1.0
989,989,0.000042855,0.999894705,1.0
990,990,0.000042509,0.999895555,1.0
991,991,0.000042165,0.999896398,1.0
992,992,0.000041825,0.999897235,1.0
993,993,0.000041487,0.999898064,1.0
994,994,0.000041152,0.999898887,1.0
995,995,0.000040820,0.999899704,1.0
996,996,0.000040490,0.999900514,1.0
997,997,0.000040164,0.999901317,1.0
998,998,0.000039839,0.999902114,1.0
999,999,0.000039518,0.999902904,1.0
